335,10,http://bgf-cu.xcache.kinxcdn.com/product/8801104664882.jpg,빙그레)크림치즈롤케익,"2,500원",1
336,10,http://bgf-cu.xcache.kinxcdn.com/product/8801062002504.jpg,롯데)일품팥빙수,"3,000원",0
337,12,http://bgf-cu.xcache.kinxcdn.com/product/8801118255885.jpg,롯데푸드)빽초코바나나콘,"1,800원",1
338,10,http://bgf-cu.xcache.kinxcdn.com/product/8801062891801.jpg,나뚜루)피치요거트파인트,"10,500원",1
339,12,http://bgf-cu.xcache.kinxcdn.com/product/8801019514807.jpg,해태)부라보콘수박,"1,800원",0
340,10,http://bgf-cu.xcache.kinxcdn.com/product/8805584224369.jpg,라벨리)브라운슈가밀크티,"2,300원",1
341,11,http://bgf-cu.xcache.kinxcdn.com/product/8801118255717.jpg,롯데푸드)빠삐코바,"1,000원",0
342,10,http://bgf-cu.xcache.kinxcdn.com/product/8809592640203.jpg,파이)깔라만시아이스컵,"1,000원",0
343,11,http://bgf-cu.xcache.kinxcdn.com/product/8801062890958.jpg,롯데)모구모구피치아이스,"1,200원",1
344,11,http://bgf-cu.xcache.kinxcdn.com/product/8801062892143.jpg,롯데)가나밀크초코바,"1,800원",2
375,90,http://bgf-cu.xcache.kinxcdn.com/product/8801045892849_오뚜기)컵밥버터장조림.jpg,오뚜기)컵밥버터장조림,"3,500원",0
376,50,http://bgf-cu.xcache.kinxcdn.com/product/8801019514623.jpg,해태)고향만두치즈갈비,"2,900원",0
377,50,http://cdn2.bgfretail.com/bgfbrand/files/product/F9D17DE9B3074E3AA7D6CC202BD5448F.jpg,인테)모닝죽바나나우유,"1,900원",2
378,50,http://bgf-cu.xcache.kinxcdn.com/product/8801045931630.jpg,오뚜기)오감포차칠리새우,"8,900원",0
379,90,http://cdn2.bgfretail.com/bgfbrand/files/product/7BA87082485C439E895EF3313B80DBAC.jpg,제니코)스모크스트링치즈,"1,300원",0
380,50,http://cdn2.bgfretail.com/bgfbrand/files/product/27436DCB19BF4A3A8D99BAF6AF68FAAB.jpg,오뚜기)맛있는큰밥300g,"2,000원",0
381,50,http://cdn2.bgfretail.com/bgfbrand/files/product/85C8EBD25B4743749247BAC9703CEC2E.jpg,풀무원)소가부침두부290g,"1,400원",0
382,50,http://cdn2.bgfretail.com/bgfbrand/files/product/47C5E1390408494B99F8F2459F38B165.jpg,태경)돼지김치찜,"4,900원",0
383,50,http://cdn2.bgfretail.com/bgfbrand/files/product/6726E7A40E8F4EDBB8990D85C42282DF.jpg,CJ)비비고김치볶음80g,"1,400원",0
384,50,http://bgf-cu.xcache.kinxcdn.com/product/8801007677064.jpg,CJ)비비고전복죽용기,"4,200원",0
385,80,http://bgf-cu.xcache.kinxcdn.com/product/8803420409079.jpg,삼경)델몬트후르츠850g,"5,000원",0
386,50,http://bgf-cu.xcache.kinxcdn.com/product/4710088412089.jpg,퓨다)만한대찬왕컵,"4,800원",1
387,50,http://bgf-cu.xcache.kinxcdn.com/product/8801898162748.jpg,행복)훈숙이2입,"1,900원",1
388,50,http://bgf-cu.xcache.kinxcdn.com/product/8801052054513.jpg,대상)백맛김치80g,"1,200원",0
389,60,http://bgf-cu.xcache.kinxcdn.com/product/8801073114203.jpg,삼양)튀김쫄면,"1,400원",0
390,50,http://bgf-cu.xcache.kinxcdn.com/product/8805684010299.jpg,MDS)불닭그라탕,"3,900원",0
495,23,http://bgf-cu.xcache.kinxcdn.com/product/8801094253103.jpg,코카)암바사캔345ml,"1,300원",0
496,20,http://bgf-cu.xcache.kinxcdn.com/product/8801056101978.jpg,롯데)젤리톡톡포도185ml,"1,200원",0
497,20,http://bgf-cu.xcache.kinxcdn.com/product/8801056101930.jpg,롯데)젤리톡톡오렌지185ml,"1,200원",0
498,20,http://bgf-cu.xcache.kinxcdn.com/product/8809422041125.jpg,CJ)새싹보리P500ml,"2,000원",0
499,20,http://bgf-cu.xcache.kinxcdn.com/product/8801047289869.jpg,동원)보성꽃차P500ml,"2,200원",0
500,22,http://bgf-cu.xcache.kinxcdn.com/product/8801104664929.jpg,빙그레)요플레토핑프레첼,"1,500원",0
501,20,http://bgf-cu.xcache.kinxcdn.com/product/8801115225515.jpg,서울)듀오안150ml,"1,400원",0
502,20,http://bgf-cu.xcache.kinxcdn.com/product/8801115381877.jpg,동서)스타벅스스무스270ml,"2,500원",0
503,20,http://bgf-cu.xcache.kinxcdn.com/product/8801056002725.jpg,롯데)2%복숭아P500ml,"1,700원",0
504,20,http://bgf-cu.xcache.kinxcdn.com/product/8801056101589.jpg,롯데)사각사각수박340ml,"1,400원",0
505,20,http://bgf-cu.xcache.kinxcdn.com/product/8801001238179.jpg,하이트)블랙보리라이트,"1,500원",0
506,20,http://bgf-cu.xcache.kinxcdn.com/product/8801056102036.jpg,롯데)콘트라베이스스위트,"2,500원",0
507,21,http://bgf-cu.xcache.kinxcdn.com/product/8801115381907.jpg,서울)스페셜티디카라떼300,"2,300원",0
508,21,http://bgf-cu.xcache.kinxcdn.com/product/8801115381891.jpg,서울)스페셜티디카아메300,"2,300원",0
509,21,http://bgf-cu.xcache.kinxcdn.com/product/8801037093766.jpg,동서)마스터라떼P500ml,"2,500원",0
510,21,http://bgf-cu.xcache.kinxcdn.com/product/8801037093742.jpg,동서)마스터블랙P500ml,"2,500원",0