id,category,image,name,price,PB,sorting
1,간편식사,http://bgf-cu.xcache.kinxcdn.com/product/8809451524101.jpg,나쵸피자,"3,500원",cu,90
2,간편식사,http://bgf-cu.xcache.kinxcdn.com/product/8809558841842.jpg,스파이시치킨샐러드,"3,500원",cu,50
3,간편식사,http://bgf-cu.xcache.kinxcdn.com/product/8809558841859.jpg,리얼어니언햄샐러드,"3,500원",cu,50
4,간편식사,http://bgf-cu.xcache.kinxcdn.com/product/8809453261363.jpg,육즙만수르비프함박,"5,000원",cu,53
5,간편식사,http://bgf-cu.xcache.kinxcdn.com/product/8802039232016.jpg,판메밀국수,"3,500원",cu,53
6,간편식사,http://bgf-cu.xcache.kinxcdn.com/product/8809196612439.jpg,훈제오리&제육볶음,"4,800원",cu,53
7,간편식사,http://bgf-cu.xcache.kinxcdn.com/product/8809196612415.jpg,백종원한입고기산적,"4,900원",cu,53
8,간편식사,http://bgf-cu.xcache.kinxcdn.com/product/8802039233013.jpg,을지로골뱅이비빔면,"4,300원",cu,53
9,간편식사,http://bgf-cu.xcache.kinxcdn.com/product/8801068378887.jpg,에그가먼저닭샐러드,"3,500원",cu,50
10,간편식사,http://bgf-cu.xcache.kinxcdn.com/product/8809451524057.jpg,건강야채비벼봄,"4,000원",cu,53
11,간편식사,http://bgf-cu.xcache.kinxcdn.com/product/8801771019701.jpg,치즈만수르돈까스,"5,000원",cu,53
12,간편식사,http://bgf-cu.xcache.kinxcdn.com/product/8809451523999.jpg,백종원한입돈까스,"4,900원",cu,53
13,간편식사,http://bgf-cu.xcache.kinxcdn.com/product/8802039230029.jpg,중화냉면,"3,900원",cu,53
14,간편식사,http://bgf-cu.xcache.kinxcdn.com/product/8801771019688.jpg,3500원떡볶이,"3,500원",cu,50
15,간편식사,http://bgf-cu.xcache.kinxcdn.com/product/8809196612392.jpg,#큐브목살스테이크,"5,000원",cu,53
16,간편식사,http://bgf-cu.xcache.kinxcdn.com/product/8801068377804.jpg,미트토마토파스타,"3,900원",cu,53
17,간편식사,http://bgf-cu.xcache.kinxcdn.com/product/8809453261325.jpg,데리야끼닭꼬치,"3,500원",cu,53
18,간편식사,http://bgf-cu.xcache.kinxcdn.com/product/8801771019626.jpg,치킨트리오,"4,200원",cu,53
19,간편식사,http://bgf-cu.xcache.kinxcdn.com/product/8802039231118.jpg,크림우동,"3,500원",cu,53
20,간편식사,http://bgf-cu.xcache.kinxcdn.com/product/8802039230012.jpg,볶음짬뽕면,"3,500원",cu,53
21,간편식사,http://bgf-cu.xcache.kinxcdn.com/product/8801771019602.jpg,안주야곱창&순대,"4,000원",cu,53
22,간편식사,http://bgf-cu.xcache.kinxcdn.com/product/8801068377712.jpg,갈비양념치킨샐러드,"3,500원",cu,50
23,간편식사,http://bgf-cu.xcache.kinxcdn.com/product/8809453261288.jpg,2500참치김치덮밥,"2,500원",cu,53
24,간편식사,http://bgf-cu.xcache.kinxcdn.com/product/8809451523913.jpg,기력충전!정식,"4,700원",cu,53
25,간편식사,http://bgf-cu.xcache.kinxcdn.com/product/8809196612378.jpg,2500소고기규동덮밥,"2,500원",cu,53
26,간편식사,http://bgf-cu.xcache.kinxcdn.com/product/8809487130161.jpg,아임닭단백질샐러드,"3,800원",cu,50
27,간편식사,http://bgf-cu.xcache.kinxcdn.com/product/8801068377149.jpg,트리플치즈파스타,"3,900원",cu,53
28,간편식사,http://bgf-cu.xcache.kinxcdn.com/product/8809045276157.jpg,스윗고구마샐러드,"3,500원",cu,50
29,간편식사,http://bgf-cu.xcache.kinxcdn.com/product/8801068377125.jpg,쉬림프로제파스타,"3,900원",cu,53
30,간편식사,http://bgf-cu.xcache.kinxcdn.com/product/8809451523852.jpg,불닭만두밥,"3,200원",cu,53
31,간편식사,http://bgf-cu.xcache.kinxcdn.com/product/8809453261226.jpg,불닭강정,"3,500원",cu,53
32,간편식사,http://bgf-cu.xcache.kinxcdn.com/product/8801068376654.jpg,포모도로스파겥티,"3,500원",cu,53
33,간편식사,http://bgf-cu.xcache.kinxcdn.com/product/8801068376630.jpg,베이컨크림스파겥티,"3,500원",cu,53
34,간편식사,http://bgf-cu.xcache.kinxcdn.com/product/8809453261189.jpg,이거야미트볼,"3,900원",cu,53
35,간편식사,http://bgf-cu.xcache.kinxcdn.com/product/8801068376432.jpg,인도식치킨마크니,"4,800원",cu,50
36,간편식사,http://bgf-cu.xcache.kinxcdn.com/product/8801068374100.jpg,쉬림프튜나샐러드,"3,500원",cu,50
37,간편식사,http://bgf-cu.xcache.kinxcdn.com/product/8809196612293.jpg,수원식왕갈비치킨,"3,500원",cu,53
38,간편식사,http://bgf-cu.xcache.kinxcdn.com/product/8809045276102.jpg,케이준샐러드,"3,500원",cu,50
39,간편식사,http://bgf-cu.xcache.kinxcdn.com/product/8809045275426.jpg,갈릭시저치킨샐러드,"3,500원",cu,50
40,간편식사,http://bgf-cu.xcache.kinxcdn.com/product/8809140578729.jpg,샐러드가포도포도해,"3,800원",cu,50
41,간편식사,http://bgf-cu.xcache.kinxcdn.com/product/8809140578262.jpg,호밀3단샌드위치,"2,200원",cu,52
42,간편식사,http://bgf-cu.xcache.kinxcdn.com/product/8809451524071.jpg,제주녹차에그스크램블,"2,200원",cu,52
43,간편식사,http://bgf-cu.xcache.kinxcdn.com/product/8809451524040.jpg,제주백년초크랩맛살,"2,500원",cu,52
44,간편식사,http://bgf-cu.xcache.kinxcdn.com/product/8809451524033.jpg,제주백년초계란샌드,"2,200원",cu,52
45,간편식사,http://bgf-cu.xcache.kinxcdn.com/product/8801068378559.jpg,아메리칸치즈버거,"1,900원",cu,50
46,간편식사,http://bgf-cu.xcache.kinxcdn.com/product/8809140578446.jpg,코난안기준샌드위치,"2,000원",cu,52
47,간편식사,http://bgf-cu.xcache.kinxcdn.com/product/8801771019725.jpg,코난홍장미샌드위치,"2,000원",cu,52
48,간편식사,http://bgf-cu.xcache.kinxcdn.com/product/8809451524019.jpg,햄에그통살치킨버거,"3,500원",cu,50
49,간편식사,http://bgf-cu.xcache.kinxcdn.com/product/8809451523975.jpg,매콤통살치킨버거,"3,500원",cu,50
50,간편식사,http://bgf-cu.xcache.kinxcdn.com/product/8801068378146.jpg,버터갈릭치킨샌드,"2,300원",cu,52
51,간편식사,http://bgf-cu.xcache.kinxcdn.com/product/8809451523968.jpg,페퍼로니피자핫도그[제주],"2,500원",cu,90
52,간편식사,http://bgf-cu.xcache.kinxcdn.com/product/8809451523951.jpg,오리지날플레인핫도그[제주],"2,500원",cu,90
53,간편식사,http://bgf-cu.xcache.kinxcdn.com/product/8809140578408.jpg,순삭토스트데리비프,"2,500원",cu,52
54,간편식사,http://bgf-cu.xcache.kinxcdn.com/product/8809232734064.jpg,3XL치킨버거,"3,700원",cu,50
55,간편식사,http://bgf-cu.xcache.kinxcdn.com/product/8809383952454.jpg,에그치킨샌드위치,"2,200원",cu,52
56,간편식사,http://bgf-cu.xcache.kinxcdn.com/product/8809140578422.jpg,순삭토스트햄치즈,"2,300원",cu,52
57,간편식사,http://bgf-cu.xcache.kinxcdn.com/product/8801068377385.jpg,트리플타워버거,"2,500원",cu,50
58,간편식사,http://bgf-cu.xcache.kinxcdn.com/product/8809232734040.jpg,트러플머쉬룸버거,"2,500원",cu,50
59,간편식사,http://bgf-cu.xcache.kinxcdn.com/product/8801068377255.jpg,뉴요크샌드위치,"3,000원",cu,52
60,간편식사,http://bgf-cu.xcache.kinxcdn.com/product/8801068377279.jpg,ABC샌드위치,"3,000원",cu,52
61,간편식사,http://bgf-cu.xcache.kinxcdn.com/product/8809451523661.jpg,제주뉴햄에그샌드,"2,300원",cu,52
62,간편식사,http://bgf-cu.xcache.kinxcdn.com/product/8809140578521.jpg,베트남식반미샌드,"3,000원",cu,52
63,간편식사,http://bgf-cu.xcache.kinxcdn.com/product/8809451523678.jpg,제주햄참치게맛살샌드,"2,300원",cu,52
64,간편식사,http://bgf-cu.xcache.kinxcdn.com/product/8809232733999.jppg,제주햄참치게맛살샌드,"2,300원",cu,52
64,간편식사,http://bgf-cu.xcache.kinxcdn.com/product/8809232733999.jpg,추억의햄사라다빵,"2,000원",cu,81
65,간편식사,http://bgf-cu.xcache.kinxcdn.com/product/8801068376685.jpg,더블칠리치즈버거,"2,200원",cu,50
66,간편식사,http://bgf-cu.xcache.kinxcdn.com/product/8809140578576.jpg,대만식스키피땅콩샌드,"2,200원",cu,52
67,간편식사,http://bgf-cu.xcache.kinxcdn.com/product/8801068376326.jpg,퍼펙트게임핫도그,"2,000원",cu,90
68,간편식사,http://bgf-cu.xcache.kinxcdn.com/product/8801068375633.jpg,NEW케이준치킨샌드,"2,300원",cu,52
69,간편식사,http://bgf-cu.xcache.kinxcdn.com/product/8809232733975.jpg,잇츠빅콘치즈핫도그,"2,500원",cu,90
70,간편식사,http://bgf-cu.xcache.kinxcdn.com/product/8801068376340.jpg,그랜드슬램핫도그,"2,000원",cu,90
71,간편식사,http://bgf-cu.xcache.kinxcdn.com/product/8809451523722.jpg,제주더블불고기버거,"2,200원",cu,50
72,간편식사,http://bgf-cu.xcache.kinxcdn.com/product/8801068376074.jpg,더블어니언비프버거,"2,500원",cu,50
73,간편식사,http://bgf-cu.xcache.kinxcdn.com/product/8809140578705.jpg,타마고산도,"3,000원",cu,52
74,간편식사,http://bgf-cu.xcache.kinxcdn.com/product/8809383952119.jpg,수원왕갈비식치킨버거,"2,500원",cu,50
75,간편식사,http://bgf-cu.xcache.kinxcdn.com/product/8809453261141.jpg,대만식귤카야잼샌드,"2,200원",cu,52
76,간편식사,http://bgf-cu.xcache.kinxcdn.com/product/8809451523784.jpg,제주왕갈비롱버거,"2,300원",cu,50
77,간편식사,http://bgf-cu.xcache.kinxcdn.com/product/8809451523685.jpg,왕갈비롱버거,"2,300원",cu,50
78,간편식사,http://bgf-cu.xcache.kinxcdn.com/product/8809383952034.jpg,비엘티샌드위치,"2,300원",cu,52
79,간편식사,http://bgf-cu.xcache.kinxcdn.com/product/8801068375497.jpg,소시지에그샌드,"2,200원",cu,52
80,간편식사,http://bgf-cu.xcache.kinxcdn.com/product/8801068375428.jpg,더블스모키버거,"2,200원",cu,50
81,간편식사,http://bgf-cu.xcache.kinxcdn.com/product/8809451524088.jpg,백종원곱창집볶음밥,"1,300원",cu,51
82,간편식사,http://bgf-cu.xcache.kinxcdn.com/product/8809453261387.jpg,매콤멸추김밥,"2,500원",cu,51
83,간편식사,http://bgf-cu.xcache.kinxcdn.com/product/8809383952515.jpg,명탐정코난주먹밥,"2,000원",cu,51
84,간편식사,http://bgf-cu.xcache.kinxcdn.com/product/8809453261349.jpg,초밥트리오(랍스터),"3,300원",cu,50
85,간편식사,http://bgf-cu.xcache.kinxcdn.com/product/8801771019664.jpg,초밥트리오(우삼겹),"3,300원",cu,50
86,간편식사,http://bgf-cu.xcache.kinxcdn.com/product/8809383952478.jpg,백종원고깃집김밥,"2,500원",cu,51
87,간편식사,http://bgf-cu.xcache.kinxcdn.com/product/8801771019640.jpg,백종원고깃집볶음밥,"1,200원",cu,51
88,간편식사,http://bgf-cu.xcache.kinxcdn.com/product/8809451523937.jpg,주먹왕!매콤전주,"2,000원",cu,51
89,간편식사,http://bgf-cu.xcache.kinxcdn.com/product/8801771019589.jpg,700양념숯불갈비맛,700원,cu,51
90,간편식사,http://bgf-cu.xcache.kinxcdn.com/product/8809383952416.jpg,1700원조김밥,"1,700원",cu,51
91,간편식사,http://bgf-cu.xcache.kinxcdn.com/product/8809453261264.jpg,700소고기고추장,700원,cu,51
92,간편식사,http://bgf-cu.xcache.kinxcdn.com/product/8809451523876.jpg,묵은지참치김밥,"2,500원",cu,51
93,간편식사,http://bgf-cu.xcache.kinxcdn.com/product/8809383952379.jpg,주먹왕!참치김볶,"1,900원",cu,51
94,간편식사,http://bgf-cu.xcache.kinxcdn.com/product/8809383952393.jpg,불닭김밥,"2,300원",cu,51
95,간편식사,http://bgf-cu.xcache.kinxcdn.com/product/8809453261240.jpg,불닭삼김,"1,200원",cu,51
96,간편식사,http://bgf-cu.xcache.kinxcdn.com/product/8801771019534.jpg,자연인김밥(불어묵),"3,000원",cu,51
97,간편식사,http://bgf-cu.xcache.kinxcdn.com/product/8809451523791.jpg,제주베이컨참치마요,"1,000원",cu,51
98,간편식사,http://bgf-cu.xcache.kinxcdn.com/product/8801771019442.jpg,수원왕갈비식김밥,"2,300원",cu,51
99,간편식사,http://bgf-cu.xcache.kinxcdn.com/product/8801771019367.jpg,BIG참치마요,"1,300원",cu,51
100,간편식사,http://bgf-cu.xcache.kinxcdn.com/product/8801771019381.jpg,소확행김밥,"2,500원",cu,51
101,간편식사,http://bgf-cu.xcache.kinxcdn.com/product/8809451523708.jpg,제주치킨마요,"1,200원",cu,51
102,간편식사,http://bgf-cu.xcache.kinxcdn.com/product/8809383952096.jpg,참치김치,"1,000원",cu,51
103,간편식사,http://bgf-cu.xcache.kinxcdn.com/product/8809383952072.jpg,치킨마요삼각김밥,"1,200원",cu,51
104,간편식사,http://bgf-cu.xcache.kinxcdn.com/product/8809453261080.jpg,김치즈참치즈,"2,300원",cu,51
105,간편식사,http://bgf-cu.xcache.kinxcdn.com/product/8809453261042.jpg,백종원어묵반반김밥,"2,300원",cu,51
106,간편식사,http://bgf-cu.xcache.kinxcdn.com/product/8801771018919.jpg,안동식찜닭김밥,"2,500원",cu,51
107,간편식사,http://bgf-cu.xcache.kinxcdn.com/product/8809451523265.jpg,백종원바싹불고기,"1,200원",cu,51
108,간편식사,http://bgf-cu.xcache.kinxcdn.com/product/8809383951990.jpg,명란크랩마요김밥,"2,300원",cu,51
109,간편식사,http://bgf-cu.xcache.kinxcdn.com/product/8809383951952.jpg,통햄참치김볶,"1,200원",cu,51
110,간편식사,http://bgf-cu.xcache.kinxcdn.com/product/8809451523081.jpg,[제주전용]제주햄참치김볶Ball,"1,500원",cu,51
111,간편식사,http://cdn2.bgfretail.com/bgfbrand/files/product/C3889E0D8A6D4CADA09DA24EBDBAC125.jpg,[제주전용]제주돼지불고기,"1,200원",cu,51
112,간편식사,http://cdn2.bgfretail.com/bgfbrand/files/product/5D105C15FD044B758B0BB0F18B105C42.jpg,[제주전용]매콤김치제육볶음,"2,200원",cu,51
113,간편식사,http://cdn2.bgfretail.com/bgfbrand/files/product/351AA6AF65A64FE8A8DC77108416BC24.jpg,[제주전용]매운고추돈불고기,"2,200원",cu,51
114,간편식사,http://cdn2.bgfretail.com/bgfbrand/files/product/74EE9187C35B4BC3ACE2ACCB61DDFA98.jpg,[제주전용]제주스노우불닭볶음밥,"1,200원",cu,51
115,간편식사,http://cdn2.bgfretail.com/bgfbrand/files/product/CACB6857A9BB4329BD51DC6511BF5A20.jpg,[제주전용]제주두루치기,"1,200원",cu,51
116,간편식사,http://cdn2.bgfretail.com/bgfbrand/files/product/D37120FCDC59485F8B5E368A44B38C6C.jpg,[제주전용]제주어니언치킨,"1,000원",cu,51
117,간편식사,http://cdn2.bgfretail.com/bgfbrand/files/product/4FB4457FFD5E447B9D4596B94A2F5346.jpg,[제주전용]제주매콤참치김치,"1,000원",cu,51
118,간편식사,http://cdn2.bgfretail.com/bgfbrand/files/product/9D081E316DD045F5A471DAFD7BC5E37A.jpg,[제주전용]제주햄참치마요,"1,000원",cu,51
119,간편식사,http://bgf-cu.xcache.kinxcdn.com/product/8809451522824.jpg,[제주전용]제주소불고기,"1,200원",cu,51
120,간편식사,http://bgf-cu.xcache.kinxcdn.com/product/8801771018773.jpg,참치불고기반반김밥,"2,200원",cu,51
121,즉석조리,http://bgf-cu.xcache.kinxcdn.com/product/2201148649283.jpg,튀김)체다모짜치즈통스틱,"1,500원",cu
122,즉석조리,http://bgf-cu.xcache.kinxcdn.com/product/2201148649276.jpg,튀김)모짜렐라치즈찰도그,"1,800원",cu
123,즉석조리,http://bgf-cu.xcache.kinxcdn.com/product/2201148649290.jpg,튀김)소시지랑떡꼬치,"1,500원",cu
124,즉석조리,http://bgf-cu.xcache.kinxcdn.com/product/2201148648880.jpg,즉석)자이언트통다리(신),"1,800원",cu
125,즉석조리,http://bgf-cu.xcache.kinxcdn.com/product/2201148648606.jpg,튀김)순살넓적다리,"1,800원",cu
126,즉석조리,http://bgf-cu.xcache.kinxcdn.com/product/2201148649030.jpg,즉석)오븐구이매콤꼬치,"1,700원",cu
127,즉석조리,http://bgf-cu.xcache.kinxcdn.com/product/2201148649023.jpg,즉석)오븐구이치킨꼬치,"1,700원",cu
128,즉석조리,http://bgf-cu.xcache.kinxcdn.com/product/2201148648545.jpg,튀김)순살치킨꼬치매콤,"1,500원",cu
129,즉석조리,http://bgf-cu.xcache.kinxcdn.com/product/2201148648538.jpg,튀김)순살치킨꼬치,"1,500원",cu
130,즉석조리,http://bgf-cu.xcache.kinxcdn.com/product/2201148648293.jpg,튀김)치떡치떡꼬치,"1,500원",cu
131,즉석조리,http://bgf-cu.xcache.kinxcdn.com/product/2201148648255.jpg,즉석)자이언트통다리,"3,300원",cu
132,즉석조리,http://bgf-cu.xcache.kinxcdn.com/product/2201148648200.jpg,튀김)미니소시지떡꼬치,"1,800원",cu
133,즉석조리,http://bgf-cu.xcache.kinxcdn.com/product/2201148647630.jpg,튀김)미니찰도그꼬치,"1,800원",cu
134,즉석조리,http://bgf-cu.xcache.kinxcdn.com/product/2201148647432.jpg,즉석)숯불닭꼬치매콤,"1,700원",cu
135,즉석조리,http://bgf-cu.xcache.kinxcdn.com/product/2201148647425.jpg,즉석)숯불닭꼬치데리야끼,"1,700원",cu
136,즉석조리,http://bgf-cu.xcache.kinxcdn.com/product/8809029031765.jpg,삼진)해물네모어묵,"1,000원",cu
137,즉석조리,http://bgf-cu.xcache.kinxcdn.com/product/8809029031789.jpg,삼진)사각꼬치어묵,"1,000원",cu
138,즉석조리,http://bgf-cu.xcache.kinxcdn.com/product/8809029031796.jpg,삼진)모듬꼬치어묵,"1,500원",cu
139,즉석조리,http://bgf-cu.xcache.kinxcdn.com/product/2201148644523.jpg,즉석)쟌슨빌롱소시지(NEW),"2,000원",cu
140,즉석조리,http://cdn2.bgfretail.com/bgfbrand/files/product/D1E83ABAE9744A599864D9C54AE00FF5.jpg,튀김)삼진어묵매콤말이,"1,500원",cu
141,즉석조리,http://cdn2.bgfretail.com/bgfbrand/files/product/E2CFE48EE520404EB6C28719C7988E65.jpg,튀김)삼진어묵야채말이,"1,500원",cu
142,즉석조리,http://bgf-cu.xcache.kinxcdn.com/product/2201148630441.jpg,튀김)매콤넓적다리,"2,000원",cu
143,즉석조리,http://bgf-cu.xcache.kinxcdn.com/product/2200000142467.jpg,튀김)넓적다리오리지널,"2,000원",cu
144,즉석조리,http://cdn2.bgfretail.com/bgfbrand/files/product/C5541EE25A31490ABFEBA563C8DD5578.jpg,고구마)냉동군고구마1kg,"1,500원",cu
145,즉석조리,http://cdn2.bgfretail.com/bgfbrand/files/product/70587A59E282403DA6D037897D5EE082.jpg,튀김)커리가라아게꼬치,"1,500원",cu
146,즉석조리,http://cdn2.bgfretail.com/bgfbrand/files/product/0FEE0D4D5F41495C8545F55DBD88D697.jpg,튀김)밀크튀김컵,"2,000원",cu
147,즉석조리,http://cdn2.bgfretail.com/bgfbrand/files/product/947AE8AD44BC4E90BA2ADCE88423851F.jpg,튀)후라이드치킨,"9,900원",cu
148,즉석조리,http://cdn2.bgfretail.com/bgfbrand/files/product/282DD6BBB5AA4065ABC5EA7231F3F4CD.jpg,튀김)오트밀넓적다리,"2,000원",cu
149,즉석조리,http://cdn2.bgfretail.com/bgfbrand/files/product/03EF485BE03546F8AE0F3A0FF65E269F.jpg,튀김)커리닭다리,"2,000원",cu
150,즉석조리,http://cdn2.bgfretail.com/bgfbrand/files/product/3195CA1D82254626B9519B0C413A7446.jpg,그릴)쟌슨빌치즈소시지,"1,500원",cu
151,즉석조리,http://cdn2.bgfretail.com/bgfbrand/files/product/773A94F43735435EA7EFD7B2874A738A.jpg,튀김)쟌슨빌크리스피핫도그,"1,800원",cu
152,즉석조리,http://cdn2.bgfretail.com/bgfbrand/files/product/4BBE503A149F40ACA02DFD1662181D0C.jpg,그릴)페파맛스모크소시지,"1,800원",cu
153,즉석조리,http://bgf-cu.xcache.kinxcdn.com/product/2201148645520.jpg,튀김)핫찰도그체다치즈,"1,800원",cu
154,즉석조리,http://bgf-cu.xcache.kinxcdn.com/product/2201148644912.jpg,튀김)매콤가라아게꼬치,"1,700원",cu
155,즉석조리,http://cdn2.bgfretail.com/bgfbrand/files/product/9D7654B202494295AB1A290E4A8B2BF5.jpg,튀김)치킨가라아게꼬치,"1,700원",cu
156,즉석조리,http://bgf-cu.xcache.kinxcdn.com/product/2201148644226.jpg,튀김)핫찰도그오리지널,"1,500원",cu
157,즉석조리,http://bgf-cu.xcache.kinxcdn.com/product/2201148640334.jpg,튀김)닭다리,"2,000원",cu
158,즉석조리,http://bgf-cu.xcache.kinxcdn.com/product/2201148643380.jpg,튀김)하림순살넓적다리,"1,800원",cu
159,즉석조리,http://cdn2.bgfretail.com/bgfbrand/files/product/48AF43582F6F42BA94387417C367D692.jpg,튀김)매콤새우맛바,"2,000원",cu
160,즉석조리,http://cdn2.bgfretail.com/bgfbrand/files/product/C8B4F0648ABA4750A574311D4023E2DD.jpg,튀김)후라이드치킨,"9,900원",cu
161,즉석조리,http://bgf-cu.xcache.kinxcdn.com/product/2201148649337.jpg,즉석빵)치즈대파스콘,"1,000원",cu
162,즉석조리,http://bgf-cu.xcache.kinxcdn.com/product/2201148648484.jpg,피자)페퍼로니피자,"5,900원",cu
163,즉석조리,http://bgf-cu.xcache.kinxcdn.com/product/2201148648262.jpg,즉석빵)플레인베이글,"1,000원",cu
164,즉석조리,http://bgf-cu.xcache.kinxcdn.com/product/2201148648279.jpg,즉석빵)미니소세지프레즐,500원,cu
165,즉석조리,http://bgf-cu.xcache.kinxcdn.com/product/2201148648095.jpg,피자)고르곤콘치즈피자,"5,900원",cu
166,즉석조리,http://bgf-cu.xcache.kinxcdn.com/product/2201148647579.jpg,즉석빵)베리타르트60g,"1,200원",cu
167,즉석조리,http://bgf-cu.xcache.kinxcdn.com/product/2201148647562.jpg,즉석빵)초코타르트60g,"1,200원",cu
168,즉석조리,http://bgf-cu.xcache.kinxcdn.com/product/2201148647555.jpg,즉석빵)에그타르트60g,"1,200원",cu
169,즉석조리,http://bgf-cu.xcache.kinxcdn.com/product/2201148645797.jpg,고)군고구마2000,"2,000원",cu
170,즉석조리,http://cdn2.bgfretail.com/bgfbrand/files/product/57E17A3D59624E3EA8D6CA90AC9A101B.jpg,즉석빵)듬뿍땅콩크림빵,"1,200원",cu
171,즉석조리,http://cdn2.bgfretail.com/bgfbrand/files/product/6CA25996823A429381AFC8993F3ED247.jpg,즉석빵)듬뿍우유크림빵,"1,100원",cu
172,즉석조리,http://cdn2.bgfretail.com/bgfbrand/files/product/F837C1B4CA7E489D81C43390F393197A.jpg,즉석빵)듬뿍연유소보로빵,"1,200원",cu
173,즉석조리,http://cdn2.bgfretail.com/bgfbrand/files/product/632582BE4819456F8D149B7E63FBF3E0.jpg,할라피뇨크림치즈빵,"1,200원",cu
174,즉석조리,http://cdn2.bgfretail.com/bgfbrand/files/product/C39B053FE23A4E9586D1EE2C95387E3B.jpg,즉석빵)단팥크로와상,"1,200원",cu
175,즉석조리,http://bgf-cu.xcache.kinxcdn.com/product/2201148642444.jpg,도너츠)딸기링도넛,"1,000원",cu
176,즉석조리,http://cdn2.bgfretail.com/bgfbrand/files/product/24D529E881594FFFB9EB1F4D4FCA8F8E.jpg,도너츠)블랙필드도넛,"1,000원",cu
177,즉석조리,http://cdn2.bgfretail.com/bgfbrand/files/product/508EB72C3FA1454CB3F08CEA38327049.jpg,도너츠)백앙금베터보스톤,"1,000원",cu
178,즉석조리,http://cdn2.bgfretail.com/bgfbrand/files/product/29FB4ADD762E4324A812AFD90A28D56D.jpg,도너츠)화이트초코링,700원,cu
179,즉석조리,http://cdn2.bgfretail.com/bgfbrand/files/product/92AC48A8D95544A8BCE1EC9B79DD50C2.jpg,도너츠)라즈베리크런키,"1,000원",cu
180,즉석조리,http://cdn2.bgfretail.com/bgfbrand/files/product/5301B185CA284782A3E1E5ADC082CF92.jpg,도너츠)글레이즈드,"1,000원",cu
181,즉석조리,http://cdn2.bgfretail.com/bgfbrand/files/product/7DE75BEE1A7D4FD292470112CA9CBF55.jpg,도너츠)스트로베리필드,"1,000원",cu
182,즉석조리,http://cdn2.bgfretail.com/bgfbrand/files/product/3112B95D1B174F89BADF5AAB22ECE317.jpg,도너츠)비스마르크,"1,000원",cu
183,즉석조리,http://cdn2.bgfretail.com/bgfbrand/files/product/1B2B7FA0A57F487E8C307499B1FDB4C9.jpg,즉석빵)단팥빵,800원,cu
184,즉석조리,http://cdn2.bgfretail.com/bgfbrand/files/product/04A25529BCDC4892A00CF0ABA5EDAB2E.jpg,즉석빵)스위트크런치,700원,cu
185,즉석조리,http://cdn2.bgfretail.com/bgfbrand/files/product/7043ADC2D9654C8FA5FDC2AF5D52984D.jpg,델)델리만쥬2000,"2,000원",cu
186,즉석조리,http://cdn2.bgfretail.com/bgfbrand/files/product/F94CB01F359F491B91E8AE4C34A3B41E.jpg,즉석빵)쵸코플레인스콘,900원,cu
187,즉석조리,http://cdn2.bgfretail.com/bgfbrand/files/product/77DF928491484EC1AA8496130EC0FB2C.jpg,즉석빵)바게트피자,"2,000원",cu
188,즉석조리,http://cdn2.bgfretail.com/bgfbrand/files/product/9283EBA3C95942E6AE704CB78760F479.jpg,즉석빵)군감자통옥수수빵,"1,000원",cu
189,즉석조리,http://cdn2.bgfretail.com/bgfbrand/files/product/D8A11EFF2ABE4514B0AB5C4325EC5545.jpg,즉석빵)깨찰빵,800원,cu
190,즉석조리,http://cdn2.bgfretail.com/bgfbrand/files/product/389574EFE92A4D42B603F30DC26D7F3B.jpg,즉석빵)피넛버터쿠키,300원,cu
191,즉석조리,http://cdn2.bgfretail.com/bgfbrand/files/product/D8F550FD4E6E4E1DB05A0DAC415CE06A.jpg,즉석빵)치즈쿠키,400원,cu
192,즉석조리,http://cdn2.bgfretail.com/bgfbrand/files/product/9784C5FED8154DC482C1BEE9AC3EE7A4.jpg,즉석빵)쵸코칩쿠키,300원,cu
193,즉석조리,http://cdn2.bgfretail.com/bgfbrand/files/product/67110560213E4984A46FDA33E0820F98.jpg,즉석빵)초코크로와상,"1,200원",cu
194,즉석조리,http://cdn2.bgfretail.com/bgfbrand/files/product/B2EC404588E0402EAFFFA03557E2E525.jpg,즉석빵)시나몬롤,"1,000원",cu
195,즉석조리,http://cdn2.bgfretail.com/bgfbrand/files/product/5F67CEF0C8AF4EF8BFAA67AFCE0796CB.jpg,즉석빵)메이플피칸파이,"1,300원",cu
196,즉석조리,http://cdn2.bgfretail.com/bgfbrand/files/product/B89C83E2B7394A248A4886CCEB4B4896.jpg,즉석빵)살구잼파이,"1,200원",cu
197,즉석조리,http://cdn2.bgfretail.com/bgfbrand/files/product/ADABCD28392E4714A13E1A9EEB3AFF50.jpg,즉석빵)찰호박꽈베기,"1,200원",cu
198,즉석조리,http://cdn2.bgfretail.com/bgfbrand/files/product/46055412D6CF40098751D45621DBFFFF.jpg,즉석빵)햄패스트리,"1,200원",cu
199,즉석조리,http://cdn2.bgfretail.com/bgfbrand/files/product/3DDCD417B4854534B53746C62CC941F1.jpg,즉석빵)팥앙금패스트리,"1,100원",cu
200,즉석조리,http://cdn2.bgfretail.com/bgfbrand/files/product/EDEC757D2E784EAC92F109DC5D33C7B0.jpg,즉석빵)고구마슈크림,"1,100원",cu
201,즉석조리,http://bgf-cu.xcache.kinxcdn.com/product/8809256676852.jpg,GET허쉬뉴티라미수30g,600원,cu
202,즉석조리,http://bgf-cu.xcache.kinxcdn.com/product/8809256676876.jpg,GET허쉬마시멜로라떼30g,600원,cu
203,즉석조리,http://bgf-cu.xcache.kinxcdn.com/product/8808024026073.jpg,GET즉석바닐라라떼30g,500원,cu
204,즉석조리,http://bgf-cu.xcache.kinxcdn.com/product/8809256676869.jpg,GET허쉬뉴초코카페모카30g,600원,cu
205,즉석조리,http://bgf-cu.xcache.kinxcdn.com/product/2201148638331.jpg,GET즉석HOT아메리카노M,"1,000원",cu
206,즉석조리,http://bgf-cu.xcache.kinxcdn.com/product/2201148643502.jpg,GET즉석ICED아메리카노(XL) ,"1,800원",cu
207,즉석조리,http://cdn2.bgfretail.com/bgfbrand/files/product/BF914BF1D62D40708C42E5CE9B50C5CA.jpg,GET커피다크블렌드,"25,000원",cu
208,즉석조리,http://cdn2.bgfretail.com/bgfbrand/files/product/7EA7380FC81B4ACF92F9007FA62B4D21.jpg,GET허쉬티라미수라떼30g,600원,cu
209,즉석조리,http://cdn2.bgfretail.com/bgfbrand/files/product/6C1A391A4E844D0198F8C717CE80185C.jpg,GET허쉬초코카페모카30g,600원,cu
210,즉석조리,http://cdn2.bgfretail.com/bgfbrand/files/product/C76605EE52294990BFDCCAEC3395353F.jpg,GET커피블랜딩원두500g,"25,000원",cu
211,즉석조리,http://bgf-cu.xcache.kinxcdn.com/product/2201148634043.jpg,GET즉석ICED아메리카노(L),"1,500원",cu
212,즉석조리,http://bgf-cu.xcache.kinxcdn.com/product/2201148634036.jpg,GET즉석HOT아메리카노L,"1,200원",cu
213,즉석조리,http://cdn2.bgfretail.com/bgfbrand/files/product/E8E0E97EE1CA4DDE997BA4CA0078121C.jpg,GET즉석ICED카페라떼,"1,800원",cu
214,즉석조리,http://bgf-cu.xcache.kinxcdn.com/product/8808024023423.jpg,GET즉석카페라떼파우더,300원,cu
215,과자류,http://bgf-cu.xcache.kinxcdn.com/product/8801068378849.jpg,삼립)흑당카스테라,"2,800원",cu
216,과자류,http://bgf-cu.xcache.kinxcdn.com/product/8801068378863.jpg,삼립)미니호두앙빵4입,"1,600원",cu
217,과자류,http://bgf-cu.xcache.kinxcdn.com/product/8801068378856.jpg,삼립)모카크림빵,"1,500원",cu
218,과자류,http://bgf-cu.xcache.kinxcdn.com/product/8809494070306.jpg,아인츠)에그머핀,"1,700원",cu
219,과자류,http://bgf-cu.xcache.kinxcdn.com/product/8801117678302.jpg,오리온)포카칩구운마늘맛,"1,500원",cu
220,과자류,http://bgf-cu.xcache.kinxcdn.com/product/8801117683702.jpg,오리온)눈을감자오지치즈,"1,500원",cu
221,과자류,http://bgf-cu.xcache.kinxcdn.com/product/9556437014635.jpg,미성)오키오구미복숭아,"1,500원",cu
222,과자류,http://bgf-cu.xcache.kinxcdn.com/product/8888235006620.jpg,미성)바비카메라캔디,"2,500원",cu
223,과자류,http://bgf-cu.xcache.kinxcdn.com/product/8888235006613.jpg,미성)바비쥬얼리캔디,"2,500원",cu
224,과자류,http://bgf-cu.xcache.kinxcdn.com/product/8801068379129.jpg,커피엔)더블미니파운드,"1,500원",cu
225,과자류,http://bgf-cu.xcache.kinxcdn.com/product/8801068379037.jpg,커피엔)월넛쿠키,"1,200원",cu
226,과자류,http://bgf-cu.xcache.kinxcdn.com/product/8801068379204.jpg,커피엔)고소한월병,"1,000원",cu
227,과자류,http://bgf-cu.xcache.kinxcdn.com/product/8801062889341.jpg,롯데)수박바케이크,"3,200원",cu
228,과자류,http://bgf-cu.xcache.kinxcdn.com/product/8801043049979.jpg,농심)인디안밥45g,"1,000원",cu
229,과자류,http://bgf-cu.xcache.kinxcdn.com/product/8809291670778.jpg,프링글스)쿨링타올기획팩,"6,600원",cu
230,과자류,http://bgf-cu.xcache.kinxcdn.com/product/8801062890118.jpg,롯데)하마터면과자세트,"9,900원",cu
231,과자류,http://bgf-cu.xcache.kinxcdn.com/product/8435477902458.jpg,코코)베이블레이드캔디,"1,500원",cu
232,과자류,http://bgf-cu.xcache.kinxcdn.com/product/8809494070290.jpg,아인츠)단호박머핀,"1,700원",cu
233,과자류,http://bgf-cu.xcache.kinxcdn.com/product/8809140578293.jpg,푸드)폭신사르르초코케익,"1,500원",cu
234,과자류,http://bgf-cu.xcache.kinxcdn.com/product/8801019314186.jpg,해태)구운고구마27g,900원,cu
235,과자류,http://bgf-cu.xcache.kinxcdn.com/product/8801068378993.jpg,삼립)흑당떠먹는롤케익,"2,500원",cu
236,과자류,http://bgf-cu.xcache.kinxcdn.com/product/8809495142576.jpg,피오레)쿠키티라미수,"3,000원",cu
237,과자류,http://bgf-cu.xcache.kinxcdn.com/product/8809495142569.jpg,피오레)쇼콜라티라미수,"3,000원",cu
238,과자류,http://bgf-cu.xcache.kinxcdn.com/product/8801062713271.jpg,롯데)달콤한땅콩소보로,"1,200원",cu
239,과자류,http://bgf-cu.xcache.kinxcdn.com/product/8801062479061.jpg,롯데)치즈케익빵,"1,200원",cu
240,과자류,http://bgf-cu.xcache.kinxcdn.com/product/4710007524084.jpg,키즈웰)팝핑보바딸기맛,"1,700원",cu
241,과자류,http://bgf-cu.xcache.kinxcdn.com/product/4710007524107.jpg,키즈웰)팝핑보바리치맛,"1,700원",cu
242,과자류,http://bgf-cu.xcache.kinxcdn.com/product/8801062890484.jpg,롯데)도리토스마라맛,"1,500원",cu
243,과자류,http://bgf-cu.xcache.kinxcdn.com/product/8809140578279.jpg,푸드)꾸덕슈초코,"2,500원",cu
244,과자류,http://bgf-cu.xcache.kinxcdn.com/product/8809140578286.jpg,푸드)꾸덕슈커스타드,"2,500원",cu
245,과자류,http://bgf-cu.xcache.kinxcdn.com/product/8809140578361.jpg,푸드)시원한말차크림빵,"1,500원",cu
246,과자류,http://bgf-cu.xcache.kinxcdn.com/product/8801019008818.jpg,해태)연양갱라이트,900원,cu
247,과자류,http://bgf-cu.xcache.kinxcdn.com/product/8801019609442.jpg,해태)친절한콘군옥수수맛,"1,000원",cu
248,과자류,http://bgf-cu.xcache.kinxcdn.com/product/8801019609411.jpg,해태)빠새킹,"1,500원",cu
249,과자류,http://bgf-cu.xcache.kinxcdn.com/product/8801068096330.jpg,삼립)대박찹쌀떡,"1,500원",cu
250,과자류,http://bgf-cu.xcache.kinxcdn.com/product/8809140578378.jpg,푸드)시원한흑당크림빵,"1,500원",cu
251,과자류,http://bgf-cu.xcache.kinxcdn.com/product/8809495142545.jpg,징코)폭신크림카스테라,"1,300원",cu
252,과자류,http://bgf-cu.xcache.kinxcdn.com/product/8801062890835.jpg,롯데)초코파이망고바나나,"4,800원",cu
253,과자류,http://bgf-cu.xcache.kinxcdn.com/product/8801043048705.jpg,농심)구운새우칩,"2,000원",cu
254,과자류,http://bgf-cu.xcache.kinxcdn.com/product/5200701001848.jpg,코코)헬로키티오뚜기캔디,"2,500원",cu
255,과자류,http://bgf-cu.xcache.kinxcdn.com/product/8801068378849.jpg,삼립)흑당카스테라,"2,800원",cu
256,과자류,http://bgf-cu.xcache.kinxcdn.com/product/8801068378863.jpg,삼립)미니호두앙빵4입,"1,600원",cu
257,과자류,http://bgf-cu.xcache.kinxcdn.com/product/8801068378856.jpg,삼립)모카크림빵,"1,500원",cu
258,과자류,http://bgf-cu.xcache.kinxcdn.com/product/8809494070306.jpg,아인츠)에그머핀,"1,700원",cu
259,과자류,http://bgf-cu.xcache.kinxcdn.com/product/8801068379129.jpg,커피엔)더블미니파운드,"1,500원",cu
260,과자류,http://bgf-cu.xcache.kinxcdn.com/product/8801068379037.jpg,커피엔)월넛쿠키,"1,200원",cu
261,과자류,http://bgf-cu.xcache.kinxcdn.com/product/8801068379204.jpg,커피엔)고소한월병,"1,000원",cu
262,과자류,http://bgf-cu.xcache.kinxcdn.com/product/8801062889341.jpg,롯데)수박바케이크,"3,200원",cu
263,과자류,http://bgf-cu.xcache.kinxcdn.com/product/8809494070290.jpg,아인츠)단호박머핀,"1,700원",cu
264,과자류,http://bgf-cu.xcache.kinxcdn.com/product/8809140578293.jpg,푸드)폭신사르르초코케익,"1,500원",cu
265,과자류,http://bgf-cu.xcache.kinxcdn.com/product/8801068378993.jpg,삼립)흑당떠먹는롤케익,"2,500원",cu
266,과자류,http://bgf-cu.xcache.kinxcdn.com/product/8809495142576.jpg,피오레)쿠키티라미수,"3,000원",cu
267,과자류,http://bgf-cu.xcache.kinxcdn.com/product/8809495142569.jpg,피오레)쇼콜라티라미수,"3,000원",cu
268,과자류,http://bgf-cu.xcache.kinxcdn.com/product/8801062713271.jpg,롯데)달콤한땅콩소보로,"1,200원",cu
269,과자류,http://bgf-cu.xcache.kinxcdn.com/product/8801062479061.jpg,롯데)치즈케익빵,"1,200원",cu
270,과자류,http://bgf-cu.xcache.kinxcdn.com/product/8809140578279.jpg,푸드)꾸덕슈초코,"2,500원",cu
271,과자류,http://bgf-cu.xcache.kinxcdn.com/product/8809140578286.jpg,푸드)꾸덕슈커스타드,"2,500원",cu
272,과자류,http://bgf-cu.xcache.kinxcdn.com/product/8809140578361.jpg,푸드)시원한말차크림빵,"1,500원",cu
273,과자류,http://bgf-cu.xcache.kinxcdn.com/product/8801068096330.jpg,삼립)대박찹쌀떡,"1,500원",cu
274,과자류,http://bgf-cu.xcache.kinxcdn.com/product/8809140578378.jpg,푸드)시원한흑당크림빵,"1,500원",cu
275,과자류,http://bgf-cu.xcache.kinxcdn.com/product/8809495142545.jpg,징코)폭신크림카스테라,"1,300원",cu
276,과자류,http://bgf-cu.xcache.kinxcdn.com/product/8801062890569.jpg,롯데)레밍턴케익치즈,"3,000원",cu
277,과자류,http://bgf-cu.xcache.kinxcdn.com/product/8801062890576.jpg,롯데)레밍턴케익초코,"3,000원",cu
278,과자류,http://bgf-cu.xcache.kinxcdn.com/product/8809523620618.jpg,참조은)모찌모찌믹스,"3,300원",cu
279,과자류,http://bgf-cu.xcache.kinxcdn.com/product/8809523620601.jpg,참조은)모찌모찌플레인,"3,300원",cu
280,과자류,http://bgf-cu.xcache.kinxcdn.com/product/8801062892174.jpg,롯데)단호박번,"1,500원",cu
281,과자류,http://bgf-cu.xcache.kinxcdn.com/product/8801062892181.jpg,롯데)모카번,"1,500원",cu
282,과자류,http://bgf-cu.xcache.kinxcdn.com/product/8801121287828.jpg,유라가)초코퐁듀모찌,"2,200원",cu
283,과자류,http://bgf-cu.xcache.kinxcdn.com/product/8801068377705.jpg,삼립)오븐에구운도넛,900원,cu
284,과자류,http://bgf-cu.xcache.kinxcdn.com/product/8809140578460.jpg,푸드)대왕모카빵,"2,500원",cu
285,과자류,http://bgf-cu.xcache.kinxcdn.com/product/8809495142538.jpg,피오레)당근케이크,"3,200원",cu
286,과자류,http://bgf-cu.xcache.kinxcdn.com/product/8809495142514.jpg,징코)치즈소보로빵,"1,300원",cu
287,과자류,http://bgf-cu.xcache.kinxcdn.com/product/8801068377415.jpg,삼립)카스테라롤,"2,000원",cu
288,과자류,http://bgf-cu.xcache.kinxcdn.com/product/8801121287804.jpg,유라가)생크림퐁듀모찌,"2,200원",cu
289,과자류,http://bgf-cu.xcache.kinxcdn.com/product/8809495142521.jpg,피오레)무지개케이크,"3,000원",cu
290,과자류,http://bgf-cu.xcache.kinxcdn.com/product/8809140578385.jpg,푸드)반반모찌롤,"3,300원",cu
291,과자류,http://bgf-cu.xcache.kinxcdn.com/product/8801068377507.jpg,삼립)끼리크림치즈컵케익,"3,000원",cu
292,과자류,http://bgf-cu.xcache.kinxcdn.com/product/8801062892204.jpg,롯데)홈메이드브라우니,"3,500원",cu
293,과자류,http://bgf-cu.xcache.kinxcdn.com/product/8809140578477.jpg,푸드)말차소라빵,"1,500원",cu
294,과자류,http://bgf-cu.xcache.kinxcdn.com/product/8809172504062.jpg,상하)치즈케익레드벨벳,"3,900원",cu
295,과자류,http://bgf-cu.xcache.kinxcdn.com/product/9556437014635.jpg,미성)오키오구미복숭아,"1,500원",cu
296,과자류,http://bgf-cu.xcache.kinxcdn.com/product/8888235006620.jpg,미성)바비카메라캔디,"2,500원",cu
297,과자류,http://bgf-cu.xcache.kinxcdn.com/product/8888235006613.jpg,미성)바비쥬얼리캔디,"2,500원",cu
298,과자류,http://bgf-cu.xcache.kinxcdn.com/product/8435477902458.jpg,코코)베이블레이드캔디,"1,500원",cu
299,과자류,http://bgf-cu.xcache.kinxcdn.com/product/4710007524084.jpg,키즈웰)팝핑보바딸기맛,"1,700원",cu
300,과자류,http://bgf-cu.xcache.kinxcdn.com/product/4710007524107.jpg,키즈웰)팝핑보바리치맛,"1,700원",cu
301,과자류,http://bgf-cu.xcache.kinxcdn.com/product/8801019008818.jpg,해태)연양갱라이트,900원,cu
302,과자류,http://bgf-cu.xcache.kinxcdn.com/product/5200701001848.jpg,코코)헬로키티오뚜기캔디,"2,500원",cu
303,과자류,http://bgf-cu.xcache.kinxcdn.com/product/8801117646400.jpg,오리온)더자일리톨소프트,"4,000원",cu
304,과자류,http://bgf-cu.xcache.kinxcdn.com/product/8801111937269.jpg,크라운)새콤달콤레몬볼,"1,000원",cu
305,과자류,http://bgf-cu.xcache.kinxcdn.com/product/8002267021806.jpg,일신)폴라레티트로피칼,"3,000원",cu
306,과자류,http://bgf-cu.xcache.kinxcdn.com/product/8801062890415.jpg,롯데)아이스캔디파우치,"9,900원",cu
307,과자류,http://bgf-cu.xcache.kinxcdn.com/product/8801062008896.jpg,롯데)곤약애빠지다청포도,"2,000원",cu
308,과자류,http://bgf-cu.xcache.kinxcdn.com/product/2201148648897.jpg,오리온)아이셔팝캔디,200원,cu
309,과자류,http://bgf-cu.xcache.kinxcdn.com/product/6942836711054.jpg,아이스브레이커듀오딸기,"3,500원",cu
310,과자류,http://bgf-cu.xcache.kinxcdn.com/product/8801019207914.jpg,해태)얼초동물그리기,"3,000원",cu
311,과자류,http://bgf-cu.xcache.kinxcdn.com/product/6921211115076.jpg,농심)멘토스콜라맛,700원,cu
312,과자류,http://bgf-cu.xcache.kinxcdn.com/product/8801062891894.jpg,롯데)젤리퐁당망고코코,"2,000원",cu
313,과자류,http://bgf-cu.xcache.kinxcdn.com/product/8801062891917.jpg,롯데)젤리퐁당피치코코,"2,000원",cu
314,과자류,http://bgf-cu.xcache.kinxcdn.com/product/8801062336579.jpg,롯데)수박바젤리,"1,200원",cu
315,과자류,http://bgf-cu.xcache.kinxcdn.com/product/8801062893898.jpg,롯데)찢어먹는짱셔요,700원,cu
316,과자류,http://bgf-cu.xcache.kinxcdn.com/product/8801117348106.jpg,오리온)초코송이젤리,"1,000원",cu
317,과자류,http://bgf-cu.xcache.kinxcdn.com/product/8801104664318.jpg,빙그레)곤약젤리피치자두,"2,000원",cu
318,과자류,http://bgf-cu.xcache.kinxcdn.com/product/8801104664295.jpg,빙그레)곤약젤리망고패션,"2,000원",cu
319,과자류,http://bgf-cu.xcache.kinxcdn.com/product/8801204505801.jpg,삼립)BR레인보우샤베트,"1,500원",cu
320,과자류,http://bgf-cu.xcache.kinxcdn.com/product/8801204505795.jpg,삼립)BR체리쥬빌레망고,"1,500원",cu
321,과자류,http://bgf-cu.xcache.kinxcdn.com/product/8990800019772.jpg,농심)후르츠텔라요거트,"1,000원",cu
322,과자류,http://bgf-cu.xcache.kinxcdn.com/product/8801111936606.jpg,크라운)내맘몰랑청사과,"1,200원",cu
323,과자류,http://bgf-cu.xcache.kinxcdn.com/product/4000512008903.jpg,예스)트롤리버거XXL,"1,500원",cu
324,과자류,http://bgf-cu.xcache.kinxcdn.com/product/8801062891825.jpg,롯데)크런키바월드콘맛,"1,200원",cu
325,과자류,http://bgf-cu.xcache.kinxcdn.com/product/8801019413865.jpg,해태)아카시아껌1000,"1,000원",cu
326,과자류,http://bgf-cu.xcache.kinxcdn.com/product/8801019413841.jpg,해태)은단껌1000,"1,000원",cu
327,과자류,http://bgf-cu.xcache.kinxcdn.com/product/8809035220849.jpg,매일)후룻바이더풋포도,800원,cu
328,과자류,http://bgf-cu.xcache.kinxcdn.com/product/8809035221501.jpg,매일)후룻바이더풋딸기,800원,cu
329,과자류,http://bgf-cu.xcache.kinxcdn.com/product/8801062894673.jpg,롯데)드림카카오제로,"1,500원",cu
330,과자류,http://bgf-cu.xcache.kinxcdn.com/product/8801206001592.jpg,흥양)젤리인젤리리치,"1,200원",cu
331,과자류,http://bgf-cu.xcache.kinxcdn.com/product/8801019008566.jpg,해태)젤리가만두만두해,"1,200원",cu
332,과자류,http://bgf-cu.xcache.kinxcdn.com/product/8801062894789.jpg,롯데)자일리톨화이트용기,"6,000원",cu
333,과자류,http://bgf-cu.xcache.kinxcdn.com/product/8801062894932.jpg,롯데)BIG에그짱2걸,"4,000원",cu
334,과자류,http://bgf-cu.xcache.kinxcdn.com/product/8801062894956.jpg,롯데)BIG에그짱2보이,"4,000원",cu
335,아이스크림,http://bgf-cu.xcache.kinxcdn.com/product/8801104664882.jpg,빙그레)크림치즈롤케익,"2,500원",cu
336,아이스크림,http://bgf-cu.xcache.kinxcdn.com/product/8801062002504.jpg,롯데)일품팥빙수,"3,000원",cu
337,아이스크림,http://bgf-cu.xcache.kinxcdn.com/product/8801118255885.jpg,롯데푸드)빽초코바나나콘,"1,800원",cu
338,아이스크림,http://bgf-cu.xcache.kinxcdn.com/product/8801062891801.jpg,나뚜루)피치요거트파인트,"10,500원",cu
339,아이스크림,http://bgf-cu.xcache.kinxcdn.com/product/8801019514807.jpg,해태)부라보콘수박,"1,800원",cu
340,아이스크림,http://bgf-cu.xcache.kinxcdn.com/product/8805584224369.jpg,라벨리)브라운슈가밀크티,"2,300원",cu
341,아이스크림,http://bgf-cu.xcache.kinxcdn.com/product/8801118255717.jpg,롯데푸드)빠삐코바,"1,000원",cu
342,아이스크림,http://bgf-cu.xcache.kinxcdn.com/product/8809592640203.jpg,파이)깔라만시아이스컵,"1,000원",cu
343,아이스크림,http://bgf-cu.xcache.kinxcdn.com/product/8801062890958.jpg,롯데)모구모구피치아이스,"1,200원",cu
344,아이스크림,http://bgf-cu.xcache.kinxcdn.com/product/8801062892143.jpg,롯데)가나밀크초코바,"1,800원",cu
345,아이스크림,http://bgf-cu.xcache.kinxcdn.com/product/8809592640197.jpg,파이)대왕바닐라초코바,"1,800원",cu
346,아이스크림,http://bgf-cu.xcache.kinxcdn.com/product/8809592640173.jpg,로투스)비스코프콘,"2,500원",cu
347,아이스크림,http://bgf-cu.xcache.kinxcdn.com/product/3415580702294.jpg,하겐)초코아몬드콘,"4,200원",cu
348,아이스크림,http://bgf-cu.xcache.kinxcdn.com/product/3415580701297.jpg,하겐)바닐라카라멜콘,"4,200원",cu
349,아이스크림,http://bgf-cu.xcache.kinxcdn.com/product/8801104664554.jpg,빙그레)메로나코코넛,"1,000원",cu
350,아이스크림,http://bgf-cu.xcache.kinxcdn.com/product/8807203001573.jpg,로투스)비스코프바,"2,000원",cu
351,아이스크림,http://bgf-cu.xcache.kinxcdn.com/product/8801062891467.jpg,롯데)와수박,"2,000원",cu
352,아이스크림,http://bgf-cu.xcache.kinxcdn.com/product/8801104307048.jpg,빙그레)부드러운빵또아,"1,800원",cu
353,아이스크림,http://bgf-cu.xcache.kinxcdn.com/product/8801104306928.jpg,빙그레)떡붕어싸만코,"1,800원",cu
354,아이스크림,http://bgf-cu.xcache.kinxcdn.com/product/8809592640180.jpg,파이)브라우니빙수,"2,500원",cu
355,아이스크림,http://bgf-cu.xcache.kinxcdn.com/product/8801019514777.jpg,해태)쌍쌍바피치베리,"1,000원",cu
356,아이스크림,http://bgf-cu.xcache.kinxcdn.com/product/8801104163057.jpg,빙그레)엑설런트,"9,000원",cu
357,아이스크림,http://bgf-cu.xcache.kinxcdn.com/product/8801062893263.jpg,롯데)가나비얀코오렌지,"1,800원",cu
358,아이스크림,http://bgf-cu.xcache.kinxcdn.com/product/8809194491142.jpg,삼우)초코모찌바,"1,000원",cu
359,아이스크림,http://bgf-cu.xcache.kinxcdn.com/product/8801062894192.jpg,롯데)말랑카우소프트콘,"1,800원",cu
360,아이스크림,http://bgf-cu.xcache.kinxcdn.com/product/8809194491111.jpg,HEYROO아이스께끼오렌지,500원,cu
361,아이스크림,http://bgf-cu.xcache.kinxcdn.com/product/8809194491135.jpg,HEYROO아이스께끼파인,500원,cu
362,아이스크림,http://bgf-cu.xcache.kinxcdn.com/product/8801062895182.jpg,나뚜루)녹차스트롱파인트,"13,900원",cu
363,아이스크림,http://bgf-cu.xcache.kinxcdn.com/product/3415587157295.jpg,하겐)키위요거트파인트,"11,300원",cu
364,아이스크림,http://bgf-cu.xcache.kinxcdn.com/product/8801118255700.jpg,롯데푸드)빵빠레바나나,"1,800원",cu
365,아이스크림,http://bgf-cu.xcache.kinxcdn.com/product/8801206001677.jpg,아이푸드)검은깨라떼바,"1,200원",cu
366,아이스크림,http://bgf-cu.xcache.kinxcdn.com/product/8801104123310.jpg,빙그레)캔디바,900원,cu
367,아이스크림,http://bgf-cu.xcache.kinxcdn.com/product/8809490180207.jpg,허쉬)초코아이스,"1,500원",cu
368,아이스크림,http://bgf-cu.xcache.kinxcdn.com/product/8809490180184.jpg,허쉬)딸기초코바,"2,000원",cu
369,아이스크림,http://bgf-cu.xcache.kinxcdn.com/product/8801062016815.jpg,롯데)인투더망고바,"1,800원",cu
370,아이스크림,http://bgf-cu.xcache.kinxcdn.com/product/8809490180153.jpg,허쉬)초코민트바,"2,000원",cu
371,아이스크림,http://bgf-cu.xcache.kinxcdn.com/product/8801104664271.jpg,빙그레)슈퍼콘딸기,"1,800원",cu
372,아이스크림,http://bgf-cu.xcache.kinxcdn.com/product/8801118255229.jpg,롯데푸드)별난바,"1,000원",cu
373,아이스크림,http://bgf-cu.xcache.kinxcdn.com/product/8809072592183.jpg,동학)빅구슬아이스사과,"1,500원",cu
374,아이스크림,http://bgf-cu.xcache.kinxcdn.com/product/8801118255601.jpg,롯데푸드)아맛나콘,"1,800원",cu
375,식품,http://bgf-cu.xcache.kinxcdn.com/product/8801149405211.jpg,썬푸드)올리브유쥐포,"2,500원",cu
376,식품,http://bgf-cu.xcache.kinxcdn.com/product/8801149405136.jpg,썬푸드)구운노가리,"2,500원",cu
377,식품,http://bgf-cu.xcache.kinxcdn.com/product/8804888000952.jpg,코주부)호주와규육포,"4,900원",cu
378,식품,http://bgf-cu.xcache.kinxcdn.com/product/8804888001010.jpg,코주부)인도마살라육포,"3,500원",cu
379,식품,http://bgf-cu.xcache.kinxcdn.com/product/8801062890361.jpg,롯데)마시는오트밀서리태,"2,000원",cu
380,식품,http://bgf-cu.xcache.kinxcdn.com/product/8801045892221.jpg,오뚜기)컵밥오삼불고기,"3,500원",cu
381,식품,http://bgf-cu.xcache.kinxcdn.com/product/8801045892634.jpg,오뚜기)컵밥김치찌개밥,"3,500원",cu
382,식품,http://bgf-cu.xcache.kinxcdn.com/product/8801077683705.jpg,진주)천하장사매콤달콤바,"2,000원",cu
383,식품,http://bgf-cu.xcache.kinxcdn.com/product/8801077684009.jpg,진주)천하장사오리지널바,"2,000원",cu
384,식품,http://bgf-cu.xcache.kinxcdn.com/product/8801047570868.jpg,동원)직화통삼겹슬라이스,"4,500원",cu
385,식품,http://bgf-cu.xcache.kinxcdn.com/product/8801045720210.jpg,오뚜기)간편고등어구이,"4,000원",cu
386,식품,http://bgf-cu.xcache.kinxcdn.com/product/8801492373083.jpg,하림)닭가슴살갈릭,"2,900원",cu
387,식품,http://bgf-cu.xcache.kinxcdn.com/product/8801074255851.jpg,한성)크래미맛살소90g,"2,200원",cu
388,식품,http://bgf-cu.xcache.kinxcdn.com/product/8809037249930.jpg,한양)머릿고기수육,"6,900원",cu
389,식품,http://bgf-cu.xcache.kinxcdn.com/product/8809665558855.jpg,아워홈)달콤간장삼겹살,"6,900원",cu
390,식품,http://bgf-cu.xcache.kinxcdn.com/product/8801073212053.jpg,삼양)마라볶음면컵,"1,500원",cu
391,식품,http://bgf-cu.xcache.kinxcdn.com/product/8809310071708.jpg,본죽)매콤차돌시래기,"2,500원",cu
392,식품,http://bgf-cu.xcache.kinxcdn.com/product/8809310071692.jpg,본죽)남도꼬막무침,"3,500원",cu
393,식품,http://bgf-cu.xcache.kinxcdn.com/product/8809572420689.jpg,씨엔)복숭아1.2kg,"8,000원",cu
394,식품,http://bgf-cu.xcache.kinxcdn.com/product/8809572420603.jpg,씨엔)샤인머스캣(컵),"4,500원",cu
395,식품,http://bgf-cu.xcache.kinxcdn.com/product/8801039001745.jpg,사조)구운육포,"3,800원",cu
396,식품,http://bgf-cu.xcache.kinxcdn.com/product/8801039939772.jpg,사조)오리지널육포,"3,800원",cu
397,식품,http://bgf-cu.xcache.kinxcdn.com/product/8809611280045.jpg,정금)양평시래기해장국,"4,300원",cu
398,식품,http://bgf-cu.xcache.kinxcdn.com/product/8809611280007.jpg,정금)양평선지해장국,"4,300원",cu
399,식품,http://bgf-cu.xcache.kinxcdn.com/product/8801047578857.jpg,동원)친친오리지널봉70g,"1,400원",cu
400,식품,http://bgf-cu.xcache.kinxcdn.com/product/8801115620198.jpg,서울)치즈의정석72g,"5,000원",cu
401,식품,http://bgf-cu.xcache.kinxcdn.com/product/8801123310449.jpg,롯데)꽃맛살바80g,"2,200원",cu
402,식품,http://bgf-cu.xcache.kinxcdn.com/product/8801073114319.jpg,삼양)마라탕면,"1,500원",cu
403,식품,http://bgf-cu.xcache.kinxcdn.com/product/8809572420597.jpg,씨엔)적포도(컵),"2,500원",cu
404,식품,http://bgf-cu.xcache.kinxcdn.com/product/8801043049931.jpg,농심)트러플짜파게티컵,"1,600원",cu
405,식품,http://bgf-cu.xcache.kinxcdn.com/product/8801007526478.jpg,CJ)비비고삼계탕,"9,500원",cu
406,식품,http://bgf-cu.xcache.kinxcdn.com/product/8805684009200.jpg,MDS)토마토비프리조또,"3,500원",cu
407,식품,http://bgf-cu.xcache.kinxcdn.com/product/8805684009217.jpg,MDS)치킨크림리조또,"3,500원",cu
408,식품,http://bgf-cu.xcache.kinxcdn.com/product/8801114146187.jpg,풀무원)얇은피김치만두,"3,000원",cu
409,식품,http://bgf-cu.xcache.kinxcdn.com/product/8801114146170.jpg,풀무원)얇은피고기만두,"3,000원",cu
410,식품,http://bgf-cu.xcache.kinxcdn.com/product/8802266601159.jpg,오뗄)자이언트치즈핫도그,"1,900원",cu
411,식품,http://bgf-cu.xcache.kinxcdn.com/product/8809572420580.jpg,씨엔)세척천도복숭아,"1,300원",cu
412,식품,http://bgf-cu.xcache.kinxcdn.com/product/8801073311015.jpg,삼양)사또밥오징어,"4,500원",cu
413,식품,http://bgf-cu.xcache.kinxcdn.com/product/8801073211995.jpg,삼양)삼계탕면컵,"1,600원",cu
414,식품,http://bgf-cu.xcache.kinxcdn.com/product/8801492374554.jpg,하림)반마리녹두삼계탕,"5,900원",cu
415,식품,http://bgf-cu.xcache.kinxcdn.com/product/8801149405211.jpg,썬푸드)올리브유쥐포,"2,500원",cu
416,식품,http://bgf-cu.xcache.kinxcdn.com/product/8801149405136.jpg,썬푸드)구운노가리,"2,500원",cu
417,식품,http://bgf-cu.xcache.kinxcdn.com/product/8804888000952.jpg,코주부)호주와규육포,"4,900원",cu
418,식품,http://bgf-cu.xcache.kinxcdn.com/product/8804888001010.jpg,코주부)인도마살라육포,"3,500원",cu
419,식품,http://bgf-cu.xcache.kinxcdn.com/product/8801077683705.jpg,진주)천하장사매콤달콤바,"2,000원",cu
420,식품,http://bgf-cu.xcache.kinxcdn.com/product/8801077684009.jpg,진주)천하장사오리지널바,"2,000원",cu
421,식품,http://bgf-cu.xcache.kinxcdn.com/product/8801047570868.jpg,동원)직화통삼겹슬라이스,"4,500원",cu
422,식품,http://bgf-cu.xcache.kinxcdn.com/product/8809037249930.jpg,한양)머릿고기수육,"6,900원",cu
423,식품,http://bgf-cu.xcache.kinxcdn.com/product/8801039001745.jpg,사조)구운육포,"3,800원",cu
424,식품,http://bgf-cu.xcache.kinxcdn.com/product/8801039939772.jpg,사조)오리지널육포,"3,800원",cu
425,식품,http://bgf-cu.xcache.kinxcdn.com/product/8801047578857.jpg,동원)친친오리지널봉70g,"1,400원",cu
426,식품,http://bgf-cu.xcache.kinxcdn.com/product/8801123310449.jpg,롯데)꽃맛살바80g,"2,200원",cu
427,식품,http://bgf-cu.xcache.kinxcdn.com/product/8801073311015.jpg,삼양)사또밥오징어,"4,500원",cu
428,식품,http://bgf-cu.xcache.kinxcdn.com/product/8801068376722.jpg,삼립)스모크후랑크콘치즈,"2,800원",cu
429,식품,http://bgf-cu.xcache.kinxcdn.com/product/8801898162939.jpg,행복)불닭맛메추리알,"1,500원",cu
430,식품,http://bgf-cu.xcache.kinxcdn.com/product/8809389491087.jpg,아라움)로오옹오지이잉어,"4,900원",cu
431,식품,http://bgf-cu.xcache.kinxcdn.com/product/8801007792552.jpg,CJ)맥스봉치즈어랏40g,"1,600원",cu
432,식품,http://bgf-cu.xcache.kinxcdn.com/product/8809417180532.jpg,에버)마라직화육포,"3,500원",cu
433,식품,http://bgf-cu.xcache.kinxcdn.com/product/8809417180525.jpg,에버)오리지널직화육포,"3,500원",cu
434,식품,http://bgf-cu.xcache.kinxcdn.com/product/8805684000399.jpg,MDS)골뱅이무침,"6,500원",cu
435,식품,http://bgf-cu.xcache.kinxcdn.com/product/8809266251322.jpg,보승)미쓰족발,"7,900원",cu
436,식품,http://bgf-cu.xcache.kinxcdn.com/product/8809037240609.jpg,한양)훈제닭다리,"3,500원",cu
437,식품,http://bgf-cu.xcache.kinxcdn.com/product/8801149405273.jpg,썬푸드)오징어누룽지,"2,500원",cu
438,식품,http://bgf-cu.xcache.kinxcdn.com/product/8801149405259.jpg,썬푸드)바베큐오징어,"2,500원",cu
439,식품,http://bgf-cu.xcache.kinxcdn.com/product/8809266251315.jpg,보승)한컵순대족발,"5,500원",cu
440,식품,http://bgf-cu.xcache.kinxcdn.com/product/8801077327203.jpg,진주햄)콘앤스윗치즈45g,"1,600원",cu
441,식품,http://bgf-cu.xcache.kinxcdn.com/product/8809214205216.jpg,세양)1등급구운란4입,"3,200원",cu
442,식품,http://bgf-cu.xcache.kinxcdn.com/product/8801149405143.jpg,썬푸드)고소한구운한치,"4,500원",cu
443,식품,http://bgf-cu.xcache.kinxcdn.com/product/0893869000188.jpg,사할리)메이플피칸,"3,900원",cu
444,식품,http://bgf-cu.xcache.kinxcdn.com/product/0893869000195.jpg,사할리)피스타치오,"3,900원",cu
445,식품,http://bgf-cu.xcache.kinxcdn.com/product/0893869003271.jpg,사할리)허니아몬드,"3,900원",cu
446,식품,http://bgf-cu.xcache.kinxcdn.com/product/8801308449209.jpg,정화)얼얼마라오징어,"3,500원",cu
447,식품,http://bgf-cu.xcache.kinxcdn.com/product/8801308449216.jpg,정화)단짠어포와콘아몬드,"3,500원",cu
448,식품,http://bgf-cu.xcache.kinxcdn.com/product/8801308449193.jpg,정화)대패왕다리오징어,"3,500원",cu
449,식품,http://bgf-cu.xcache.kinxcdn.com/product/4902181036884.jpg,농심)이카후라이매운맛,"2,700원",cu
450,식품,http://bgf-cu.xcache.kinxcdn.com/product/4902181081327.jpg,농심)까망베르치즈타라,"3,000원",cu
451,식품,http://bgf-cu.xcache.kinxcdn.com/product/4902181081303.jpg,농심)치타라,"3,000원",cu
452,식품,http://bgf-cu.xcache.kinxcdn.com/product/8801066057715.jpg,사조)육즙에빠져바,"2,000원",cu
453,식품,http://bgf-cu.xcache.kinxcdn.com/product/8801047184010.jpg,동원)상상화끈오징어,"4,700원",cu
454,식품,http://bgf-cu.xcache.kinxcdn.com/product/8801047184003.jpg,동원)상상버터오징어,"4,700원",cu
455,식품,http://bgf-cu.xcache.kinxcdn.com/product/8801074255851.jpg,한성)크래미맛살소90g,"2,200원",cu
456,식품,http://bgf-cu.xcache.kinxcdn.com/product/8809665558855.jpg,아워홈)달콤간장삼겹살,"6,900원",cu
457,식품,http://bgf-cu.xcache.kinxcdn.com/product/8809310071708.jpg,본죽)매콤차돌시래기,"2,500원",cu
458,식품,http://bgf-cu.xcache.kinxcdn.com/product/8809310071692.jpg,본죽)남도꼬막무침,"3,500원",cu
459,식품,http://bgf-cu.xcache.kinxcdn.com/product/8809572420689.jpg,씨엔)복숭아1.2kg,"8,000원",cu
460,식품,http://bgf-cu.xcache.kinxcdn.com/product/8809572420603.jpg,씨엔)샤인머스캣(컵),"4,500원",cu
461,식품,http://bgf-cu.xcache.kinxcdn.com/product/8801115620198.jpg,서울)치즈의정석72g,"5,000원",cu
462,식품,http://bgf-cu.xcache.kinxcdn.com/product/8809572420597.jpg,씨엔)적포도(컵),"2,500원",cu
463,식품,http://bgf-cu.xcache.kinxcdn.com/product/8809572420580.jpg,씨엔)세척천도복숭아,"1,300원",cu
464,식품,http://bgf-cu.xcache.kinxcdn.com/product/8809572420566.jpg,씨엔)황도복숭아2입,"5,000원",cu
465,식품,http://bgf-cu.xcache.kinxcdn.com/product/8809572420573.jpg,씨엔)백도복숭아2입,"5,000원",cu
466,식품,http://bgf-cu.xcache.kinxcdn.com/product/8809214205247.jpg,세양)롱치즈계란말이,"5,500원",cu
467,식품,http://bgf-cu.xcache.kinxcdn.com/product/8809572420559.jpg,씨엔)자두2입,"2,000원",cu
468,식품,http://bgf-cu.xcache.kinxcdn.com/product/8809137651022.jpg,스미)슈퍼사이즈바나나1입,"1,000원",cu
469,식품,http://bgf-cu.xcache.kinxcdn.com/product/8801066511378.jpg,사조)크라비아기획,"2,700원",cu
470,식품,http://bgf-cu.xcache.kinxcdn.com/product/8809045275846.jpg,네떼)컵수박,"2,300원",cu
471,식품,http://bgf-cu.xcache.kinxcdn.com/product/8801052061603.jpg,대상)한입깻잎지60g,"3,000원",cu
472,식품,http://bgf-cu.xcache.kinxcdn.com/product/8801052061610.jpg,대상)무말랭이80g,"3,000원",cu
473,식품,http://bgf-cu.xcache.kinxcdn.com/product/8801052061580.jpg,대상)오징어채볶음60g,"3,000원",cu
474,식품,http://bgf-cu.xcache.kinxcdn.com/product/8801052061597.jpg,대상)쇠고기장조림130g,"3,000원",cu
475,식품,http://bgf-cu.xcache.kinxcdn.com/product/8809572420528.jpg,씨엔)당도선별수박,"18,000원",cu
476,식품,http://bgf-cu.xcache.kinxcdn.com/product/8801007793443.jpg,CJ)맥스봉마늘핫바,"2,000원",cu
477,식품,http://bgf-cu.xcache.kinxcdn.com/product/8809636680509.jpg,푸드)고추장삼겹구이200g,"6,500원",cu
478,식품,http://bgf-cu.xcache.kinxcdn.com/product/8809636680493.jpg,푸드)삼겹살구이200g,"6,500원",cu
479,식품,http://bgf-cu.xcache.kinxcdn.com/product/8809636680554.jpg,푸드)고추장삼겹구이115g,"4,900원",cu
480,식품,http://bgf-cu.xcache.kinxcdn.com/product/8809636680547.jpg,푸드)삼겹살구이115g,"4,900원",cu
481,식품,http://bgf-cu.xcache.kinxcdn.com/product/8809572420511.jpg,씨엔)고창애플수박,"7,500원",cu
482,식품,http://bgf-cu.xcache.kinxcdn.com/product/8809640110290.jpg,체리200g,"5,500원",cu
483,식품,http://bgf-cu.xcache.kinxcdn.com/product/8801483848309.jpg,KKMC)골드키위900g,"9,900원",cu
484,식품,http://bgf-cu.xcache.kinxcdn.com/product/2201148615561.jpg,성주참외1kg,"6,000원",cu
485,식품,http://bgf-cu.xcache.kinxcdn.com/product/8801047226178.jpg,동원)양반명품김자반50g,"3,900원",cu
486,식품,http://bgf-cu.xcache.kinxcdn.com/product/8801047224341.jpg,동원)양반들기름김,600원,cu
487,식품,http://bgf-cu.xcache.kinxcdn.com/product/8801155737580.jpg,동원)함박눈꽃치즈25g,"1,000원",cu
488,식품,http://bgf-cu.xcache.kinxcdn.com/product/8801483587505.jpg,KKMC)골드키위1입,"2,000원",cu
489,식품,http://bgf-cu.xcache.kinxcdn.com/product/8801007786285.jpg,CJ)흑삼기력진10ml,"2,500원",cu
490,식품,http://bgf-cu.xcache.kinxcdn.com/product/8801496105796.jpg,조인)동물복지유정란6입,"3,000원",cu
491,식품,http://bgf-cu.xcache.kinxcdn.com/product/8801047511076.jpg,동원)리얼로스트랍스터맛,"3,500원",cu
492,식품,http://bgf-cu.xcache.kinxcdn.com/product/8809153470409.jpg,델몬트)바나나2입,"1,200원",cu
493,식품,http://bgf-cu.xcache.kinxcdn.com/product/8801052054513.jpg,대상)백맛김치80g,"1,200원",cu
494,식품,http://bgf-cu.xcache.kinxcdn.com/product/8801052054544.jpg,대상)돌산갓김치90g,"2,300원",cu
495,음료,http://cdn2.bgfretail.com/bgfbrand/files/product/524D2B19935543E0ADF97BFF4F0B149F.jpg,칸타타)카라멜아이스230ml,"1,200원",cu
496,음료,http://cdn2.bgfretail.com/bgfbrand/files/product/CCD840EAACB044AEA1AD094DD5E78C41.jpg,HEYROO미네랄워터P1L,900원,cu
497,음료,http://cdn2.bgfretail.com/bgfbrand/files/product/0F83F390A55748A28124C2B7C0289824.jpg,서울)아침에유기농오렌지,"1,800원",cu
498,음료,http://bgf-cu.xcache.kinxcdn.com/product/8806011415718.jpg,동아)모닝케어레이디병100ml,"4,500원",cu
499,음료,http://bgf-cu.xcache.kinxcdn.com/product/8801115134220.jpg,서울)초코우유300ml,"1,500원",cu
500,음료,http://bgf-cu.xcache.kinxcdn.com/product/0000088004648.jpg,매일)상하유기농멸균200ml,"1,500원",cu
501,음료,http://bgf-cu.xcache.kinxcdn.com/product/8801094546403.jpg,조지아)아메리카노아이스,"1,200원",cu
502,음료,http://bgf-cu.xcache.kinxcdn.com/product/8801056099497.jpg,롯데)레쓰비솔트240ml,"1,200원",cu
503,음료,http://cdn2.bgfretail.com/bgfbrand/files/product/94672E450E2245AABEE67D2B27A45AB6.jpg,남양)드링킹요구사과300ml,"1,800원",cu
504,음료,http://bgf-cu.xcache.kinxcdn.com/product/8806002011967.jpg,광동)대추쌍화병150ml,"1,500원",cu
505,음료,http://bgf-cu.xcache.kinxcdn.com/product/8808024026592.jpg,del)바닐라향아메리카노,700원,cu
506,음료,http://bgf-cu.xcache.kinxcdn.com/product/8801155732417.jpg,동원)커핑모카라떼300ml,"2,500원",cu
507,음료,http://cdn2.bgfretail.com/bgfbrand/files/product/4EE49C475F554FBEB856A13B309E7285.jpg,HEYROO칼라만시에이드P360ml,"1,000원",cu
508,음료,http://cdn2.bgfretail.com/bgfbrand/files/product/8801382126539.jpg,웅진)초록매실병180ml,"1,200원",cu
509,음료,http://cdn2.bgfretail.com/bgfbrand/files/product/178BDCFD0D3F47379A7D25FAE59C3DC3.jpg,남양)프렌치몽블랑라떼320,"2,500원",cu
510,음료,http://cdn2.bgfretail.com/bgfbrand/files/product/0966F3D4FD8B474786C0BD8BD67D7D10.jpg,매일)바리스타바닐라빈325,"2,500원",cu
511,음료,http://bgf-cu.xcache.kinxcdn.com/product/8809184804419.jpg,del)빅아메리카노스위트,"1,000원",cu
512,음료,http://bgf-cu.xcache.kinxcdn.com/product/8801068368840.jpg,삼립)PIG딸기비트180ml,"2,900원",cu
513,음료,http://cdn2.bgfretail.com/bgfbrand/files/product/B496C1B5C45342A89C8FE67E46667769.jpg,매일)커피속마끼아또310ml,"1,500원",cu
514,음료,http://bgf-cu.xcache.kinxcdn.com/product/8809572420283.jpg,한국프루트)자몽한개130ml,"2,000원",cu
515,음료,http://cdn2.bgfretail.com/bgfbrand/files/product/21CF32CB1C504A509FB647BC4005A1D6.jpg,GET카페라떼캔275ml,"1,900원",cu
516,음료,http://cdn2.bgfretail.com/bgfbrand/files/product/9BD7E86B303544C680AB95565F59BC64.jpg,롯데)가나초코캔,"1,000원",cu
517,음료,http://bgf-cu.xcache.kinxcdn.com/product/8801056084196.jpg,롯데)핫식스자몽캔250ml,"1,200원",cu
518,음료,http://cdn2.bgfretail.com/bgfbrand/files/product/C7E80FB33CAC41D783DDF319AB93586F.jpg,강가)100플러스P500ml,"1,700원",cu
519,음료,http://bgf-cu.xcache.kinxcdn.com/product/8801115139584.jpg,서울)스페셜티모카컵250ml,"1,900원",cu
520,음료,http://cdn2.bgfretail.com/bgfbrand/files/product/87AA9C0E6E1740218555BFBB88054B98.jpg,농심)카프리사파리200ml,800원,cu
521,음료,http://cdn2.bgfretail.com/bgfbrand/files/product/E66804684D7B445A98F697DF66D61DAB.jpg,코카)미닛사과스파클링캔345,"1,200원",cu
522,음료,http://cdn2.bgfretail.com/bgfbrand/files/product/36F4E1A8386241568A94FA941A6BD4D8.jpg,서울)맛단지바나나우유220ml,"1,400원",cu
523,음료,http://bgf-cu.xcache.kinxcdn.com/product/8802774015905.jpg,del)복숭아아이스티,700원,cu
524,음료,http://cdn2.bgfretail.com/bgfbrand/files/product/0C54E7E9A71E496B8E10DA4463ECD9CD.jpg,남양)초코에몽250ml,"1,300원",cu
525,음료,http://cdn2.bgfretail.com/bgfbrand/files/product/0734C1BC550C41548FB86BC3A11A11C0.jpg,빙그레)요플레토핑초코,"1,500원",cu
526,음료,http://bgf-cu.xcache.kinxcdn.com/product/8801115135708_서울)커피300ml.jpg,서울)커피300ml,"1,500원",cu
527,음료,http://bgf-cu.xcache.kinxcdn.com/product/8809274510916.jpg,다논)액티비아업플레인210,"1,800원",cu
528,음료,http://cdn2.bgfretail.com/bgfbrand/files/product/4623D4530A2F429B8590FA8492F56FD7.jpg,정관장)삼육구병100ml,"6,000원",cu
529,음료,http://cdn2.bgfretail.com/bgfbrand/files/product/0F0E6154E698449BA9D6742399EEB3BC.jpg,앵그리버드초코우유250ml,"1,500원",cu
530,음료,http://cdn2.bgfretail.com/bgfbrand/files/product/8801056831011.jpg,솔의눈캔,"1,200원",cu
531,음료,http://bgf-cu.xcache.kinxcdn.com/product/8809184804303.jpg,del)블루레몬에이드,700원,cu
532,음료,http://cdn2.bgfretail.com/bgfbrand/files/product/83F4E6883B3242458ED5EBF44D255360.jpg,삼립)오생수P320ml,"1,000원",cu
533,음료,http://bgf-cu.xcache.kinxcdn.com/product/8806371301614.jpg,푸르밀)검은콩우유300ml,"1,500원",cu
534,음료,http://bgf-cu.xcache.kinxcdn.com/product/8801115139560.jpg,서울)스페셜티마일드250ml,"1,900원",cu
535,음료,http://bgf-cu.xcache.kinxcdn.com/product/8802711188822.jpg,del)유기농식혜,"1,000원",cu
536,음료,http://bgf-cu.xcache.kinxcdn.com/product/8802711188938.jpg,del)옛날미숫가루,"1,200원",cu
537,음료,http://bgf-cu.xcache.kinxcdn.com/product/8801069408989.jpg,남양)초코에몽아이스,"1,200원",cu
538,음료,http://bgf-cu.xcache.kinxcdn.com/product/8802774016001.jpg,GET즉석ICED카페라떼시럽,700원,cu
539,음료,http://bgf-cu.xcache.kinxcdn.com/product/8809418770107.jpg,del)빅컵얼음230g,800원,cu
540,음료,http://bgf-cu.xcache.kinxcdn.com/product/8809184805119.jpg,바코)페코쨩자두에이드,"1,200원",cu
541,음료,http://bgf-cu.xcache.kinxcdn.com/product/8809184805102.jpg,바코)페코쨩딸기에이드,"1,200원",cu
542,음료,http://bgf-cu.xcache.kinxcdn.com/product/8802774015943.jpg,del)유기농사과에이드,"1,000원",cu
543,음료,http://bgf-cu.xcache.kinxcdn.com/product/8808024026615.jpg,del)바닐라향라떼,"1,200원",cu
544,음료,http://bgf-cu.xcache.kinxcdn.com/product/8808024026578.jpg,del)카페라떼스위트,"1,200원",cu
545,음료,http://bgf-cu.xcache.kinxcdn.com/product/8808024026592.jpg,del)바닐라향아메리카노,700원,cu
546,음료,http://bgf-cu.xcache.kinxcdn.com/product/8801056083564.jpg,칸타타)블랙아이스,"1,200원",cu
547,음료,http://bgf-cu.xcache.kinxcdn.com/product/8801056083588.jpg,칸타타)카라멜아이스,"1,200원",cu
548,음료,http://bgf-cu.xcache.kinxcdn.com/product/8801056083571.jpg,칸타타)헤이즐넛향아이스,"1,200원",cu
549,음료,http://bgf-cu.xcache.kinxcdn.com/product/8801056083557.jpg,칸타타)아메리카노아이스,"1,200원",cu
550,음료,http://bgf-cu.xcache.kinxcdn.com/product/8801094546403.jpg,조지아)아메리카노아이스,"1,200원",cu
551,음료,http://bgf-cu.xcache.kinxcdn.com/product/8801094556402.jpg,조지아)블랙아이스220ml,"1,200원",cu
552,음료,http://bgf-cu.xcache.kinxcdn.com/product/8809253646933.jpg,del)깔라만시에이드,700원,cu
553,음료,http://bgf-cu.xcache.kinxcdn.com/product/8809253646919.jpg,del)체리에이드,700원,cu
554,음료,http://bgf-cu.xcache.kinxcdn.com/product/8809184804402.jpg,del)오렌지자몽에이드,700원,cu
555,음료,http://bgf-cu.xcache.kinxcdn.com/product/8802774015929.jpg,del)빅복숭아아이스티,"1,000원",cu
556,음료,http://bgf-cu.xcache.kinxcdn.com/product/8809184804426.jpg,del)빅헤이즐넛향,"1,000원",cu
557,음료,http://bgf-cu.xcache.kinxcdn.com/product/8809184804419.jpg,del)빅아메리카노스위트,"1,000원",cu
558,음료,http://bgf-cu.xcache.kinxcdn.com/product/8802774015882.jpg,del)빅아메리카노블랙,"1,000원",cu
559,음료,http://bgf-cu.xcache.kinxcdn.com/product/8809184804396.jpg,del)청포도에이드,700원,cu
560,음료,http://bgf-cu.xcache.kinxcdn.com/product/8809184804303.jpg,del)블루레몬에이드,700원,cu
561,음료,http://bgf-cu.xcache.kinxcdn.com/product/8802774015905.jpg,del)복숭아아이스티,700원,cu
562,음료,http://bgf-cu.xcache.kinxcdn.com/product/8808024026530.jpg,del)헤이즐넛향,700원,cu
563,음료,http://bgf-cu.xcache.kinxcdn.com/product/8802774015868.jpg,del)아메리카노블랙,700원,cu
564,음료,http://bgf-cu.xcache.kinxcdn.com/product/8809197840107.jpg,del)빅컵얼음230g,800원,cu
565,음료,http://bgf-cu.xcache.kinxcdn.com/product/8809197840091.jpg,del)컵얼음180g,600원,cu
566,음료,http://cdn2.bgfretail.com/bgfbrand/files/product/FA0032A949174F09BE54E5370B39F0C0.jpg,광동)냉쌍화아이스230ml,"1,200원",cu
567,음료,http://cdn2.bgfretail.com/bgfbrand/files/product/D0E55D8F66A447F2B56EB566CFC0B9CF.jpg,del)햇살수정과,"1,000원",cu
568,음료,http://cdn2.bgfretail.com/bgfbrand/files/product/638C3038B1B44E789E0D28FFF32CC56F.jpg,del)카페라떼스위트,"1,200원",cu
569,음료,http://bgf-cu.xcache.kinxcdn.com/product/8801094556402.jpg,조지아)블랙아이스220ml,"1,200원",cu
570,음료,http://bgf-cu.xcache.kinxcdn.com/product/8801094546403.jpg,조지아)아메리카노아이스220ml,"1,200원",cu
571,음료,http://cdn2.bgfretail.com/bgfbrand/files/product/524D2B19935543E0ADF97BFF4F0B149F.jpg,칸타타)카라멜아이스230ml,"1,200원",cu
572,음료,http://cdn2.bgfretail.com/bgfbrand/files/product/4B3E315AFB344BE9A861838F6ACD898A.jpg,칸타타)헤이즐넛향아이스230ml,"1,200원",cu
573,음료,http://cdn2.bgfretail.com/bgfbrand/files/product/8CE6C5465CC8492AAEDD22331F1C1581.jpg,칸타타)아메리카노아이스230ml,"1,200원",cu
574,음료,http://cdn2.bgfretail.com/bgfbrand/files/product/8A99747B25524DF3A32BD95225254754.jpg,롯데)가나초코아이스230ml,"1,200원",cu
575,음료,http://bgf-cu.xcache.kinxcdn.com/product/8801115213611.jpg,서울)비요뜨후르트링,"1,400원",cu
576,음료,http://bgf-cu.xcache.kinxcdn.com/product/8801115213604.jpg,서울)비요뜨쿠키앤크림,"1,400원",cu
577,음료,http://bgf-cu.xcache.kinxcdn.com/product/8801121024850.jpg,매일)스키피피넛버터우유,"1,200원",cu
578,음료,http://bgf-cu.xcache.kinxcdn.com/product/8809350881046.jpg,서울F&B)브라운슈가라떼,"2,000원",cu
579,음료,http://bgf-cu.xcache.kinxcdn.com/product/8809350881039.jpg,서울F&B)브라운슈가밀크티,"2,000원",cu
580,음료,http://bgf-cu.xcache.kinxcdn.com/product/8809350883842.jpg,HEYROO피규어수박우유,"1,700원",cu
581,음료,http://bgf-cu.xcache.kinxcdn.com/product/8809350883859.jpg,HEYROO피규어베리믹스우유,"1,700원",cu
582,음료,http://bgf-cu.xcache.kinxcdn.com/product/8801155732516.jpg,동원)스윗연유밀크티300ml,"1,500원",cu
583,음료,http://bgf-cu.xcache.kinxcdn.com/product/8801155732509.jpg,동원)블랙슈가밀크티300ml,"1,500원",cu
584,음료,http://bgf-cu.xcache.kinxcdn.com/product/8801115114727.jpg,서울)흰우유300ml,"1,400원",cu
585,음료,http://bgf-cu.xcache.kinxcdn.com/product/8806371308422.jpg,푸르밀)인디언밥우유,"1,500원",cu
586,음료,http://bgf-cu.xcache.kinxcdn.com/product/8801104306690.jpg,빙)단지가궁금해바닐라맛,"1,400원",cu
587,음료,http://bgf-cu.xcache.kinxcdn.com/product/8801753105576.jpg,연세)방과후초코우유,"1,200원",cu
588,음료,http://bgf-cu.xcache.kinxcdn.com/product/8801753105583.jpg,연세)등교전오트밀우유,"1,200원",cu
589,음료,http://bgf-cu.xcache.kinxcdn.com/product/8801115119777.jpg,서울)복숭아우유300ml,"1,500원",cu
590,음료,http://bgf-cu.xcache.kinxcdn.com/product/8801115137269.jpg,서울)헛개로깨초코140ml,"1,600원",cu
591,음료,http://bgf-cu.xcache.kinxcdn.com/product/8801115212881.jpg,서울)비요뜨크런치볼143g,"1,400원",cu
592,음료,http://bgf-cu.xcache.kinxcdn.com/product/8809350881022.jpg,어른우유말차,"1,800원",cu
593,음료,http://bgf-cu.xcache.kinxcdn.com/product/8809350881015.jpg,어른우유헤이즐넛초코,"1,800원",cu
594,음료,http://bgf-cu.xcache.kinxcdn.com/product/8801121101568.jpg,매일)흰우유500ml,"1,650원",cu
595,음료,http://bgf-cu.xcache.kinxcdn.com/product/8801121023853.jpg,매일)우유속에망고310ml,"1,500원",cu
596,음료,http://bgf-cu.xcache.kinxcdn.com/product/8801121020036.jpg,매일)상하유기농저지방200,"1,500원",cu
597,음료,http://bgf-cu.xcache.kinxcdn.com/product/0000088004648.jpg,매일)상하유기농멸균200ml,"1,500원",cu
598,음료,http://bgf-cu.xcache.kinxcdn.com/product/8801104306690.jpg,빙)단지가궁금해리치피치,"1,400원",cu
599,음료,http://bgf-cu.xcache.kinxcdn.com/product/8809350883972.jpg,신서유기초코우유,"1,800원",cu
600,음료,http://bgf-cu.xcache.kinxcdn.com/product/8809350883958.jpg,신서유기딸기코코넛우유,"1,800원",cu
601,음료,http://bgf-cu.xcache.kinxcdn.com/product/8809350883965.jpg,신서유기바나나우유,"1,800원",cu
602,음료,http://bgf-cu.xcache.kinxcdn.com/product/8806371308095.jpg,푸르밀)아몬드우유730ML,"4,000원",cu
603,음료,http://bgf-cu.xcache.kinxcdn.com/product/8806371307715.jpg,푸르밀)미숫가루우유730ml,"4,000원",cu
604,음료,http://bgf-cu.xcache.kinxcdn.com/product/8801104221467.jpg,빙그레)딸기맛우유240ml,"1,400원",cu
605,음료,http://bgf-cu.xcache.kinxcdn.com/product/8801115135968.jpg,서울)아이마이밀오트밀크,"2,000원",cu
606,음료,http://bgf-cu.xcache.kinxcdn.com/product/8801069405568.jpg,남양)GT슈퍼밀크900ML,"2,900원",cu
607,음료,http://bgf-cu.xcache.kinxcdn.com/product/8809274513238.jpg,다논)마이딜라잇블랙체리,"1,800원",cu
608,음료,http://bgf-cu.xcache.kinxcdn.com/product/8809274513214.jpg,다논)마이딜라잇레몬라임,"1,800원",cu
609,음료,http://bgf-cu.xcache.kinxcdn.com/product/8801069406633.jpg,남양)초코에몽생초코팩,"1,000원",cu
610,음료,http://bgf-cu.xcache.kinxcdn.com/product/8809350883897.jpg,어른우유믹스넛츠,"1,800원",cu
611,음료,http://bgf-cu.xcache.kinxcdn.com/product/8809350883903.jpg,어른우유검은콩미숫가루,"1,800원",cu
612,음료,http://bgf-cu.xcache.kinxcdn.com/product/8801115212713.jpg,서울)비요뜨초코링143g,"1,400원",cu
613,음료,http://bgf-cu.xcache.kinxcdn.com/product/8801069186665.jpg,남양)그란데요구르트망고,"1,200원",cu
614,음료,http://bgf-cu.xcache.kinxcdn.com/product/8801069404103.jpg,남양)불가리스위쎈저지방,"1,500원",cu
