id,category,image,name,price,30
1,53,https://www.ministop.co.kr/MiniStopHomePage/page/pic.do?n=goods.[TR5ALPBP_]DO92.jpg,매콤불고기도시락,"4,600원",0
2,53,https://www.ministop.co.kr/MiniStopHomePage/page/pic.do?n=goods.[643OLPBP_]DO91.jpg,연탄불고기도시락,"4,600원",0
3,53,https://www.ministop.co.kr/MiniStopHomePage/page/pic.do?n=goods.[6CVYLPBP_]DO90.jpg,왕돈가스도시락,"4,800원",0
4,53,https://www.ministop.co.kr/MiniStopHomePage/page/pic.do?n=goods.[FZDFEIVP_]DO89.jpg,의성마늘교자도시락,"4,200원",0
5,53,https://www.ministop.co.kr/MiniStopHomePage/page/pic.do?n=goods.[JDRSEIVP_]DO88.jpg,한끼초밥(장새계),"4,000원",0
6,53,https://www.ministop.co.kr/MiniStopHomePage/page/pic.do?n=goods.[O5LUEIVP_]DO87.jpg,한끼초밥(한맛가계새),"5,000원",0
7,53,https://www.ministop.co.kr/MiniStopHomePage/page/pic.do?n=goods.[KEY5L2XP_]DO84.jpg,왕갈비치킨도시락,"4,200원",0
8,53,https://www.ministop.co.kr/MiniStopHomePage/page/pic.do?n=goods.[VP30GRZP_]DO81.jpg,춘천식숯불닭갈비도시락,"4,500원",0
9,53,https://www.ministop.co.kr/MiniStopHomePage/page/pic.do?n=goods.[5SPTTSKP_]DO80.jpg,LL)치킨마요덮밥,"3,500원",0
10,53,https://www.ministop.co.kr/MiniStopHomePage/page/pic.do?n=goods.[9QZWTSKP_]DO79.jpg,소불고기정식도시락,"4,300원",0
11,53,https://www.ministop.co.kr/MiniStopHomePage/page/pic.do?n=goods.[HMDOD8HP_]DO78.jpg,NEW순창고추장불고기도시락,"4,300원",0
12,53,https://www.ministop.co.kr/MiniStopHomePage/page/pic.do?n=goods.[KB7ID8HP_]DO77.jpg,NEW언양식바싹불고기도시락,"4,300원",0
13,53,https://www.ministop.co.kr/MiniStopHomePage/page/pic.do?n=goods.[PRK0X7PP_]DO67.jpg,의성마늘햄쌈도시락,"4,300원",0
14,53,https://www.ministop.co.kr/MiniStopHomePage/page/pic.do?n=goods.[SIPXZ0RP_]DO58.jpg,반반닭갈비도시락,"4,200원",0
15,51,https://www.ministop.co.kr/MiniStopHomePage/page/pic.do?n=goods.[6GSKLPBP_]SAM17.jpg,더블참치김치&간장치킨,"1,700원",0
16,53,https://www.ministop.co.kr/MiniStopHomePage/page/pic.do?n=goods.[LM9JLPBP_]SAM16.jpg,햄간장마요컵밥,"2,000원",0
17,53,https://www.ministop.co.kr/MiniStopHomePage/page/pic.do?n=goods.[KUHFLPBP_]SAM15.jpg,빅토핑유부초밥,"2,400원",0
18,52,https://www.ministop.co.kr/MiniStopHomePage/page/pic.do?n=goods.[DLV9RIVP_]SAM14.jpg,야채소불고기브리또,"2,400원",0
19,51,https://www.ministop.co.kr/MiniStopHomePage/page/pic.do?n=goods.[IQ98RIVP_]SAM13.jpg,햄말이참치김치주먹밥,"1,800원",0
20,51,https://www.ministop.co.kr/MiniStopHomePage/page/pic.do?n=goods.[4ZX6RIVP_]SAM12.jpg,버터장조림삼각,"1,100원",0
21,51,https://www.ministop.co.kr/MiniStopHomePage/page/pic.do?n=goods.[SSW4RIVP_]SAM11.jpg,비빔참치삼각,"1,100원",0
22,52,https://www.ministop.co.kr/MiniStopHomePage/page/pic.do?n=goods.[TFL5N4CP_]SAM10.jpg,양념소불고기브리또,"2,400원",0
23,51,https://www.ministop.co.kr/MiniStopHomePage/page/pic.do?n=goods.[3AU4N4CP_]SAM09.jpg,흑돼지양념불고기삼각,"1,100원",0
24,51,https://www.ministop.co.kr/MiniStopHomePage/page/pic.do?n=goods.[5DE2N4CP_]SAM08.jpg,흑돼지고추장불고기삼각,"1,100원",0
25,51,https://www.ministop.co.kr/MiniStopHomePage/page/pic.do?n=goods.[I12CGBZP_]SAM07.jpg,햄참치삼각,900원,0
26,51,https://www.ministop.co.kr/MiniStopHomePage/page/pic.do?n=goods.[MP9ZGBZP_]SAM06.jpg,소불고기삼각,"1,000원",0
27,51,https://www.ministop.co.kr/MiniStopHomePage/page/pic.do?n=goods.[V9R75YZP_]SAM05.jpg,고추장제육삼각,"1,000원",0
28,51,https://www.ministop.co.kr/MiniStopHomePage/page/pic.do?n=goods.[O8U4GRZP_]SAM04.jpg,햄말이치킨마요주먹밥,"1,700원",0
29,51,https://www.ministop.co.kr/MiniStopHomePage/page/pic.do?n=goods.[XL3NDQYP_]KB29.jpg,더블참치마요&매콤제육삼각,"1,700원",0
30,51,https://www.ministop.co.kr/MiniStopHomePage/page/pic.do?n=goods.KIM10.jpg,뉴돌솥전주비빔삼각,900원,0
31,51,https://www.ministop.co.kr/MiniStopHomePage/page/pic.do?n=goods.KIM13.jpg,뉴참치마요삼각,900원,0
32,51,https://www.ministop.co.kr/MiniStopHomePage/page/pic.do?n=goods.[RJVSLPBP_]KB67.jpg,톡톡소시지치즈김밥,"2,200원",0
33,51,https://www.ministop.co.kr/MiniStopHomePage/page/pic.do?n=goods.[K851RIVP_]KB66.jpg,땡초불고기김밥,"2,300원",0
34,51,https://www.ministop.co.kr/MiniStopHomePage/page/pic.do?n=goods.[BT9MB4CP_]KB65.jpg,유부초밥,"2,300원",0
35,51,https://www.ministop.co.kr/MiniStopHomePage/page/pic.do?n=goods.[QWS6GRZP_]KB62.jpg,매콤돈가스김밥,"2,000원",0
36,51,https://www.ministop.co.kr/MiniStopHomePage/page/pic.do?n=goods.[ZDDJZBFP_]KB57.jpg,전주비빔불고기김밥,"2,100원",0
37,51,https://www.ministop.co.kr/MiniStopHomePage/page/pic.do?n=goods.[NHSFSHDP_]KB55.jpg,소불고기김밥,"2,200원",0
38,51,https://www.ministop.co.kr/MiniStopHomePage/page/pic.do?n=goods.[WAXOV49P_]KIM63.jpg,뉴스팸마요김밥,"2,000원",0
39,52,https://www.ministop.co.kr/MiniStopHomePage/page/pic.do?n=goods.[LWKPRIVP_]SAND66.jpg,추억의샌드,"2,200원",0
40,52,https://www.ministop.co.kr/MiniStopHomePage/page/pic.do?n=goods.[YX2ORIVP_]SAND65.jpg,햄&참치샐러드샌드,"2,200원",0
41,52,https://www.ministop.co.kr/MiniStopHomePage/page/pic.do?n=goods.[IXIURIVP_]SAND64.jpg,누마상샌드,"2,500원",0
42,52,https://www.ministop.co.kr/MiniStopHomePage/page/pic.do?n=goods.[U1JTRIVP_]SAND63.jpg,4단콤보샌드,"2,200원",0
43,52,https://www.ministop.co.kr/MiniStopHomePage/page/pic.do?n=goods.[9OJERIVP_]SAND62.jpg,햄치즈크래미샌드,"2,300원",0
44,52,https://www.ministop.co.kr/MiniStopHomePage/page/pic.do?n=goods.[SZ10N4CP_]SAND61.jpg,여자친구샌드,"2,200원",0
45,52,https://www.ministop.co.kr/MiniStopHomePage/page/pic.do?n=goods.[AMO8N4CP_]SAND60.jpg,뉴)햄치즈어니언토스트,"2,000원",0
46,52,https://www.ministop.co.kr/MiniStopHomePage/page/pic.do?n=goods.[L159L2XP_]SAND59.jpg,방송국핫도그,"2,500원",0
47,52,https://www.ministop.co.kr/MiniStopHomePage/page/pic.do?n=goods.[2HNNGBZP_]SAND58.jpg,방송국샌드,"2,000원",0
48,52,https://www.ministop.co.kr/MiniStopHomePage/page/pic.do?n=goods.[GESBGBZP_]SAND57.jpg,베이컨에그샌드,"2,200원",0
49,52,https://www.ministop.co.kr/MiniStopHomePage/page/pic.do?n=goods.[CCZBZBFP_]SAND69.jpg,치즈불고기토스트샌드,"2,200원",0
50,52,https://www.ministop.co.kr/MiniStopHomePage/page/pic.do?n=goods.[Z0EMSHDP_]SAND68.jpg,햄치즈갈릭토스트샌드,"2,000원",0
51,52,https://www.ministop.co.kr/MiniStopHomePage/page/pic.do?n=goods.[S0N73QLP_]SAND56_1.jpg,크랩마요3단샌드,"2,200원",0
52,52,https://www.ministop.co.kr/MiniStopHomePage/page/pic.do?n=goods.[MI98F28P_]SAND49.jpg,빅오리지널핫도그,"2,500원",0
53,52,https://www.ministop.co.kr/MiniStopHomePage/page/pic.do?n=goods.[3E93F28P_]SAND48.jpg,빅바베큐맛콘핫도그,"2,500원",0
54,52,https://www.ministop.co.kr/MiniStopHomePage/page/pic.do?n=goods.[RWLF3Z6P_]SAND46.jpg,뉴)매콤한칠리핫도그,"1,800원",0
55,52,https://www.ministop.co.kr/MiniStopHomePage/page/pic.do?n=goods.[T10FZYBO_]SAND17.jpg,프리미엄스파이시치킨샌드,"2,000원",0
56,52,https://www.ministop.co.kr/MiniStopHomePage/page/pic.do?n=goods.[I9C2Y2RO_]SAND_1.jpg,뉴듬뿍넣은햄샌드,"1,800원",0
57,52,https://www.ministop.co.kr/MiniStopHomePage/page/pic.do?n=goods.[DK12Y2RO_]SAND_3.jpg,뉴삼단디럭스샌드,"2,200원",0
58,52,https://www.ministop.co.kr/MiniStopHomePage/page/pic.do?n=goods.[M9K1Y2RO_]SAND_4.jpg,뉴트윈샐러드미니샌드,"2,400원",0
59,30,https://www.ministop.co.kr/MiniStopHomePage/page/pic.do?n=goods.[IPBIYZNO_]PRDT162.jpg,쏙쏙초코칩쿠키,"1,000원",0
60,30,https://www.ministop.co.kr/MiniStopHomePage/page/pic.do?n=goods.[AJIOYZNO_]PRDT156.jpg,맛꽈배기,"1,000원",0
61,30,https://www.ministop.co.kr/MiniStopHomePage/page/pic.do?n=goods.[69XOYZNO_]PRDT149.jpg,짱이야,"1,000원",0
62,30,https://www.ministop.co.kr/MiniStopHomePage/page/pic.do?n=goods.[H18PYZNO_]PRDT148.jpg,왕소라형과자,"1,000원",0
63,30,https://www.ministop.co.kr/MiniStopHomePage/page/pic.do?n=goods.[2WAPYZNO_]PRDT147.jpg,뻥이요,"1,000원",0
64,30,https://www.ministop.co.kr/MiniStopHomePage/page/pic.do?n=goods.[D8BSYZNO_]PRDT146.jpg,계란과자1000,"1,000원",0
65,30,https://www.ministop.co.kr/MiniStopHomePage/page/pic.do?n=goods.[ULRDYZNO_]PRDT145.jpg,마늘바게트,"1,000원",0
66,30,https://www.ministop.co.kr/MiniStopHomePage/page/pic.do?n=goods.[R6GDYZNO_]PRDT144.jpg,맛새우칩,"1,000원",0
67,30,https://www.ministop.co.kr/MiniStopHomePage/page/pic.do?n=goods.[VOV7RZNO_]PRDT134.jpg,새우깡1200,"1,200원",0
68,30,https://www.ministop.co.kr/MiniStopHomePage/page/pic.do?n=goods.[WH69RZNO_]PRDT125.jpg,안성탕면(신),750원,0
69,30,https://www.ministop.co.kr/MiniStopHomePage/page/pic.do?n=goods.[QVF9RZNO_]PRDT123.jpg,얼큰한너구리(신),900원,0
70,30,https://www.ministop.co.kr/MiniStopHomePage/page/pic.do?n=goods.[XN40RZNO_]PRDT122.jpg,짜파게티봉지(신),950원,0
71,30,https://www.ministop.co.kr/MiniStopHomePage/page/pic.do?n=goods.[RLI0RZNO_]PRDT121.jpg,짜파게티큰사발(신),"1,150원",0
72,30,https://www.ministop.co.kr/MiniStopHomePage/page/pic.do?n=goods.[CPN0RZNO_]PRDT120.jpg,신라면소컵(신),900원,0
73,30,https://www.ministop.co.kr/MiniStopHomePage/page/pic.do?n=goods.[BVYQRZNO_]PRDT119.jpg,튀김우동큰사발(신),"1,150원",0
74,30,https://www.ministop.co.kr/MiniStopHomePage/page/pic.do?n=goods.[MN5WRZNO_]PRDT117.jpg,신라면큰사발(신),"1,150원",0
75,30,https://www.ministop.co.kr/MiniStopHomePage/page/pic.do?n=goods.[7YFWRZNO_]PRDT115.jpg,신라면봉지(신),830원,0
76,21,https://www.ministop.co.kr/MiniStopHomePage/page/pic.do?n=goods.PRDT166.jpg,맥심모카믹스100T,"15,900원",0
114,50,https://www.ministop.co.kr/MiniStopHomePage/page/pic.do?n=goods.PRDT184.jpg,동원양반전통김,"1,300원",0
115,50,https://www.ministop.co.kr/MiniStopHomePage/page/pic.do?n=goods.PRDT182.jpg,양반전복죽,"3,500원",0
116,50,https://www.ministop.co.kr/MiniStopHomePage/page/pic.do?n=goods.PRDT181.jpg,둥근햇반210,"1,550원",0
117,50,https://www.ministop.co.kr/MiniStopHomePage/page/pic.do?n=goods.PRDT179.jpg,동원순닭가슴살,"2,800원",0
118,50,https://www.ministop.co.kr/MiniStopHomePage/page/pic.do?n=goods.PRDT178.jpg,유동골뱅이(소),"6,500원",0
119,50,https://www.ministop.co.kr/MiniStopHomePage/page/pic.do?n=goods.PRDT176.jpg,동원고추참치100,"2,500원",0
120,50,https://www.ministop.co.kr/MiniStopHomePage/page/pic.do?n=goods.PRDT175.jpg,동원라이트스탠다드,"3,300원",0
121,50,https://www.ministop.co.kr/MiniStopHomePage/page/pic.do?n=goods.PRDT170.jpg,콘푸로스트,"5,500원",0
122,21,https://www.ministop.co.kr/MiniStopHomePage/page/pic.do?n=goods.PRDT169.jpg,카누)블렌드마일드로스트,"3,800원",0
123,21,https://www.ministop.co.kr/MiniStopHomePage/page/pic.do?n=goods.PRDT167.jpg,맥심모카골드믹스20T,"4,800원",0
124,30,https://www.ministop.co.kr/MiniStopHomePage/page/pic.do?n=goods.PRDT161.jpg,해태크림맛웨하스,800원,0
125,30,https://www.ministop.co.kr/MiniStopHomePage/page/pic.do?n=goods.PRDT160.jpg,아몬드빼빼로1200,"1,200원",0
126,30,https://www.ministop.co.kr/MiniStopHomePage/page/pic.do?n=goods.PRDT155.jpg,프링글오리지날미니47g,"1,400원",0
127,30,https://www.ministop.co.kr/MiniStopHomePage/page/pic.do?n=goods.PRDT154.jpg,핫신당동떡볶이,"1,000원",0
128,30,https://www.ministop.co.kr/MiniStopHomePage/page/pic.do?n=goods.PRDT133.jpg,오징어땅콩1500,"1,500원",0
129,30,https://www.ministop.co.kr/MiniStopHomePage/page/pic.do?n=goods.PRDT131.jpg,오징어해씨볼,"1,000원",0
130,30,https://www.ministop.co.kr/MiniStopHomePage/page/pic.do?n=goods.PRDT130.jpg,BIG고르곤졸라팝콘,"2,000원",0
131,22,https://www.ministop.co.kr/MiniStopHomePage/page/pic.do?n=goods.PRDT13.jpg,하루한줌견과두유,"1,000원",0
132,60,https://www.ministop.co.kr/MiniStopHomePage/page/pic.do?n=goods.PRDT126.jpg,라면볶이,"1,000원",0
133,60,https://www.ministop.co.kr/MiniStopHomePage/page/pic.do?n=goods.PRDT113.jpg,삼양불닭볶음면,"1,400원",0
140,30,https://www.ministop.co.kr/MiniStopHomePage/page/pic.do?n=goods.[X9D3UZNO_]17020603.jpg,불닭맛콘스낵,"1,000원",0
141,30,https://www.ministop.co.kr/MiniStopHomePage/page/pic.do?n=goods.[QXV2UZNO_]17020602.jpg,고르곤졸라팝콘,"1,000원",0
142,30,https://www.ministop.co.kr/MiniStopHomePage/page/pic.do?n=goods.[21X1UZNO_]17020601.jpg,시네마버터팝콘,"1,000원",0
143,30,https://www.ministop.co.kr/MiniStopHomePage/page/pic.do?n=goods.[UDDYRMFO_]160509_10.jpg,미니츄러스2500,"2,500원",0
144,60,https://www.ministop.co.kr/MiniStopHomePage/page/pic.do?n=goods.[35YTRMFO_]160509_9.jpg,드레싱누들오리엔탈,"1,200원",0
145,50,https://www.ministop.co.kr/MiniStopHomePage/page/pic.do?n=goods.[IDARRMFO_]160509_8.jpg,대림)스모크치킨180g,"3,700원",0
146,20,https://www.ministop.co.kr/MiniStopHomePage/page/pic.do?n=goods.[DMPERMFO_]160509_7.jpg,광동)야왕비수리차500ml,"2,000원",0
147,20,https://www.ministop.co.kr/MiniStopHomePage/page/pic.do?n=goods.[0ZAWRMFO_]160509_6.jpg,롯데)헤라클레스500펫,"1,800원",0
148,20,https://www.ministop.co.kr/MiniStopHomePage/page/pic.do?n=goods.[ZRSQRMFO_]160509_5.jpg,마운틴듀)라이브와이어400펫,"1,800원",0
149,90,https://www.ministop.co.kr/MiniStopHomePage/page/pic.do?n=goods.[CGY0RMFO_]160509_4.jpg,경남레모나헬씨정,"2,800원",0
150,20,https://www.ministop.co.kr/MiniStopHomePage/page/pic.do?n=goods.[FMU9RMFO_]160509_3.jpg,마시는홍초(키위그레이프),"7,000원",0
151,51,https://www.ministop.co.kr/MiniStopHomePage/page/pic.do?n=goods.[DNHSRMFO_]160509_2.jpg,신)햄말이매콤스테이크주먹밥,"1,300원",0
152,51,https://www.ministop.co.kr/MiniStopHomePage/page/pic.do?n=goods.[09PSRMFO_]160509_1.jpg,신)햄말이참치마요주먹밥,"1,300원",0
153,20,https://www.ministop.co.kr/MiniStopHomePage/page/pic.do?n=goods.[Y9KGTSFO_]160429_16.jpg,스내플)키위딸기,"2,900원",0
154,20,https://www.ministop.co.kr/MiniStopHomePage/page/pic.do?n=goods.[93XFTSFO_]160429_15.jpg,스내플)복숭아티,"2,900원",0
155,30,https://www.ministop.co.kr/MiniStopHomePage/page/pic.do?n=goods.[TW3FTSFO_]160429_14.jpg,롯데제크1400,"1,400원",0
156,30,https://www.ministop.co.kr/MiniStopHomePage/page/pic.do?n=goods.[LU6DTSFO_]160429_13.jpg,빠다코코넛1400,"1,400원",0
157,30,https://www.ministop.co.kr/MiniStopHomePage/page/pic.do?n=goods.[4S7STSFO_]160429_12.jpg,롯데샌드1400,"1,400원",0
158,30,https://www.ministop.co.kr/MiniStopHomePage/page/pic.do?n=goods.[AQ1ATSFO_]160429_11.jpg,카스타드사과&당근,"2,500원",0
159,30,https://www.ministop.co.kr/MiniStopHomePage/page/pic.do?n=goods.[KC2PTSFO_]160429_10.jpg,바닐라블랙쿠키빼빼로,"1,200원",0
160,30,https://www.ministop.co.kr/MiniStopHomePage/page/pic.do?n=goods.[0FMWTSFO_]160429_9.jpg,누드빼빼로1200,"1,200원",0
161,30,https://www.ministop.co.kr/MiniStopHomePage/page/pic.do?n=goods.[O6NQTSFO_]160429_8.jpg,도브헤이즐넛1200,"1,200원",0
162,44,https://www.ministop.co.kr/MiniStopHomePage/page/pic.do?n=goods.[78X0TSFO_]160429_7.jpg,하리보피라미도스,300원,0
163,81,https://www.ministop.co.kr/MiniStopHomePage/page/pic.do?n=goods.[06J9TSFO_]160429_6.jpg,바나나크림빵,900원,0
164,81,https://www.ministop.co.kr/MiniStopHomePage/page/pic.do?n=goods.[5DL8TSFO_]160429_5.jpg,바나나보름달,"1,000원",0
165,11,https://www.ministop.co.kr/MiniStopHomePage/page/pic.do?n=goods.[G2J7TSFO_]160429_4.jpg,에끌레어라즈베리,"1,900원",0
166,11,https://www.ministop.co.kr/MiniStopHomePage/page/pic.do?n=goods.[1KW6TSFO_]160429_3.jpg,에끌레어그린티,"1,900원",0
167,11,https://www.ministop.co.kr/MiniStopHomePage/page/pic.do?n=goods.[G9Y5TSFO_]160429_2.jpg,에끌레어클래식,"1,900원",0
168,53,https://www.ministop.co.kr/MiniStopHomePage/page/pic.do?n=goods.[EW33TSFO_]160429_1.jpg,LL)불닭볶음덮밥1P,"3,300원",0
170,90,https://www.ministop.co.kr/MiniStopHomePage/page/pic.do?n=goods.[ER8S3QFO_]160421_33.jpg,참그린석류470g,"3,700원",0
172,20,https://www.ministop.co.kr/MiniStopHomePage/page/pic.do?n=goods.[ENWP3QFO_]160421_31.jpg,캠퍼스텐2L,"1,000원",0
173,20,https://www.ministop.co.kr/MiniStopHomePage/page/pic.do?n=goods.[6D5O3QFO_]160421_30.jpg,캠퍼스텐500ml,500원,0
174,90,https://www.ministop.co.kr/MiniStopHomePage/page/pic.do?n=goods.[GRQI3QFO_]160421_29.jpg,신)철판구이슬립오징어40,"3,000원",0
175,90,https://www.ministop.co.kr/MiniStopHomePage/page/pic.do?n=goods.[LO0U3QFO_]160421_28.jpg,허브맛솔트마늘&양파50g,"2,500원",0
177,90,https://www.ministop.co.kr/MiniStopHomePage/page/pic.do?n=goods.[12RT3QFO_]160421_26.jpg,청정원스파게티면250g,"1,800원",0
178,90,https://www.ministop.co.kr/MiniStopHomePage/page/pic.do?n=goods.[OBWR3QFO_]160421_25.jpg,청정원)토마토스파게티소스,"3,900원",0
179,60,https://www.ministop.co.kr/MiniStopHomePage/page/pic.do?n=goods.[C1RE3QFO_]160421_24.jpg,리얼파스타(매콤달콤),"2,500원",0
180,60,https://www.ministop.co.kr/MiniStopHomePage/page/pic.do?n=goods.[T49W3QFO_]160421_23.jpg,리얼파스타(치즈),"2,500원",0
181,12,https://www.ministop.co.kr/MiniStopHomePage/page/pic.do?n=goods.[HLQQ3QFO_]160421_22.jpg,라베)헤즐넛초코콘,"2,000원",0
182,11,https://www.ministop.co.kr/MiniStopHomePage/page/pic.do?n=goods.[CHN93QFO_]160421_21.jpg,하)초코렛촉아몬드바,"4,200원",0
183,11,https://www.ministop.co.kr/MiniStopHomePage/page/pic.do?n=goods.[E0393QFO_]160421_20.jpg,하)바닐라카라멜아몬드바,"4,200원",0
184,11,https://www.ministop.co.kr/MiniStopHomePage/page/pic.do?n=goods.[25B73QFO_]160421_19.jpg,하)스트로베리앤크림바,"4,200원",0
185,11,https://www.ministop.co.kr/MiniStopHomePage/page/pic.do?n=goods.[87K63QFO_]160421_18.jpg,하)그린티아몬드바,"4,200원",0
186,11,https://www.ministop.co.kr/MiniStopHomePage/page/pic.do?n=goods.[QYH53QFO_]160421_17.jpg,하)마카다미아넛바,"4,200원",0
187,11,https://www.ministop.co.kr/MiniStopHomePage/page/pic.do?n=goods.[DEU43QFO_]160421_16.jpg,하)솔티드카라멜바,"4,200원",0
188,44,https://www.ministop.co.kr/MiniStopHomePage/page/pic.do?n=goods.[9LS33QFO_]160421_15.jpg,하리보스타믹스100g,"2,000원",0
189,44,https://www.ministop.co.kr/MiniStopHomePage/page/pic.do?n=goods.[A8S23QFO_]160421_14.jpg,하리보프루티부시100g,"2,000원",0
190,30,https://www.ministop.co.kr/MiniStopHomePage/page/pic.do?n=goods.[UGZ13QFO_]160421_13.jpg,해태)구운오징어땅콩,"1,500원",0
191,30,https://www.ministop.co.kr/MiniStopHomePage/page/pic.do?n=goods.[DWLM2QFO_]160421_12.jpg,롯데)몽쉘바나나,"5,000원",0
192,50,https://www.ministop.co.kr/MiniStopHomePage/page/pic.do?n=goods.[5UTN2QFO_]160421_10.jpg,점보매콤바110g,"1,700원",0
193,50,https://www.ministop.co.kr/MiniStopHomePage/page/pic.do?n=goods.[EJSB2QFO_]160421_09.jpg,점보치즈바110g,"1,700원",0
194,20,https://www.ministop.co.kr/MiniStopHomePage/page/pic.do?n=goods.[KEZV2QFO_]160421_08.jpg,리얼코코넛밀크240ml,"1,700원",0
195,81,https://www.ministop.co.kr/MiniStopHomePage/page/pic.do?n=goods.[7ABC2QFO_]160421_07.jpg,바로그대로콘토스트,"1,500원",0
196,82,https://www.ministop.co.kr/MiniStopHomePage/page/pic.do?n=goods.[MV4C2QFO_]160421_06.jpg,프리미엄카스타드슈크림롤,"1,200원",0
197,81,https://www.ministop.co.kr/MiniStopHomePage/page/pic.do?n=goods.[HK8X2QFO_]160421_05.jpg,초코카스타드슈크림빵,"1,000원",0
198,81,https://www.ministop.co.kr/MiniStopHomePage/page/pic.do?n=goods.[PKUZ2QFO_]160421_04.jpg,갈릭팡,"1,200원",0
199,51,https://www.ministop.co.kr/MiniStopHomePage/page/pic.do?n=goods.[5S1L2QFO_]160421_03.jpg,계란듬뿍김밥,"1,700원",0
200,51,https://www.ministop.co.kr/MiniStopHomePage/page/pic.do?n=goods.[KXBJ2QFO_]160421_02.jpg,스테이크마요삼각,900원,0
201,51,https://www.ministop.co.kr/MiniStopHomePage/page/pic.do?n=goods.[74VG2QFO_]160421_01.jpg,할라피뇨참치마요삼각,900원,0
202,90,https://www.ministop.co.kr/MiniStopHomePage/page/pic.do?n=goods.[FHS9M0FO_]160411_21.jpg,새롬)조림용멸치60g,"2,750원",0
203,90,https://www.ministop.co.kr/MiniStopHomePage/page/pic.do?n=goods.[J4A8M0FO_]160411_20.jpg,새롬)볶음용멸치60g,"3,150원",0
205,44,https://www.ministop.co.kr/MiniStopHomePage/page/pic.do?n=goods.[D9H6M0FO_]160411_18.jpg,새콤달콤키위,500원,0
206,50,https://www.ministop.co.kr/MiniStopHomePage/page/pic.do?n=goods.[97L5M0FO_]160411_17.jpg,사브작)바삭닭가슴살오리지널,"2,800원",0
207,90,https://www.ministop.co.kr/MiniStopHomePage/page/pic.do?n=goods.[R0M4M0FO_]160411_16.jpg,츄앤크리스피치즈마일드,"3,800원",0
208,30,https://www.ministop.co.kr/MiniStopHomePage/page/pic.do?n=goods.[7714M0FO_]160411_15.jpg,오리온)눈을감자1500,"1,500원",0
209,30,https://www.ministop.co.kr/MiniStopHomePage/page/pic.do?n=goods.[11V2M0FO_]160411_14.jpg,롯데)요하이샌드,"1,500원",0
210,30,https://www.ministop.co.kr/MiniStopHomePage/page/pic.do?n=goods.[YET1M0FO_]160411_13.jpg,롯데칸쵸컵2000,"2,000원",0
211,60,https://www.ministop.co.kr/MiniStopHomePage/page/pic.do?n=goods.[F6EMN0FO_]160411_12.jpg,메밀비빔면봉지,850원,0
212,60,https://www.ministop.co.kr/MiniStopHomePage/page/pic.do?n=goods.[OCRBN0FO_]160411_11.jpg,둥지비빔냉면,"1,500원",0
213,60,https://www.ministop.co.kr/MiniStopHomePage/page/pic.do?n=goods.[4LTVN0FO_]160411_10.jpg,둥지물냉면,"1,500원",0
214,60,https://www.ministop.co.kr/MiniStopHomePage/page/pic.do?n=goods.[ZWUCN0FO_]160411_9.jpg,농심메밀소바,"1,050원",0
215,60,https://www.ministop.co.kr/MiniStopHomePage/page/pic.do?n=goods.[ZTVZN0FO_]160411_8.jpg,찰비빔면봉지,850원,0
216,10,https://www.ministop.co.kr/MiniStopHomePage/page/pic.do?n=goods.[89BLN0FO_]160411_7.jpg,나)얼그레이미니컵,"3,500원",0
217,90,https://www.ministop.co.kr/MiniStopHomePage/page/pic.do?n=goods.[WWSKN0FO_]160411_6.jpg,과일한컵(상큼한믹스),"2,500원",0
218,90,https://www.ministop.co.kr/MiniStopHomePage/page/pic.do?n=goods.[MDWGN0FO_]160411_5.jpg,과일한컵(달콤한믹스),"2,500원",0
219,53,https://www.ministop.co.kr/MiniStopHomePage/page/pic.do?n=goods.[47IFN0FO_]160411_4.jpg,리얼게살볶음밥,"3,500원",0
220,53,https://www.ministop.co.kr/MiniStopHomePage/page/pic.do?n=goods.[QU0DN0FO_]160411_3.jpg,리얼치킨마요덮밥,"3,500원",0
221,90,https://www.ministop.co.kr/MiniStopHomePage/page/pic.do?n=goods.[9DXAN0FO_]160411_2.jpg,삼육)고소한한줌견과200ml,"1,000원",0
222,53,https://www.ministop.co.kr/MiniStopHomePage/page/pic.do?n=goods.[3ININ0FO_]160411_1.jpg,언양식바싹불고기도시락,"3,900원",0
223,52,https://www.ministop.co.kr/MiniStopHomePage/page/pic.do?n=softhamburger.[FACWLPBP_]ILBAN51.jpg,빅데리버거,"2,800원",0
224,52,https://www.ministop.co.kr/MiniStopHomePage/page/pic.do?n=softhamburger.[P57QLPBP_]ILBAN50.jpg,고구마불고기버거,"2,800원",0
225,52,https://www.ministop.co.kr/MiniStopHomePage/page/pic.do?n=softhamburger.[F8Q9LPBP_]ILBAN49.jpg,빅치즈불고기버거,"1,600원",0
226,52,https://www.ministop.co.kr/MiniStopHomePage/page/pic.do?n=softhamburger.[K6C6LPBP_]ILBAN48.jpg,상하이치킨버거,"2,500원",0
227,52,https://www.ministop.co.kr/MiniStopHomePage/page/pic.do?n=softhamburger.[M61HRIVP_]ILBAN47.jpg,에그불고기버거,"2,300원",0
228,52,https://www.ministop.co.kr/MiniStopHomePage/page/pic.do?n=softhamburger.[P6YFRIVP_]ILBAN46.jpg,에그햄치즈포카치아,"2,500원",0
229,52,https://www.ministop.co.kr/MiniStopHomePage/page/pic.do?n=softhamburger.[3ROQN4CP_]ILBAN45.jpg,불고기버거세트,"3,000원",0
230,52,https://www.ministop.co.kr/MiniStopHomePage/page/pic.do?n=softhamburger.[JRN3HBZP_]ILBAN44.jpg,방송국버거,"2,000원",0
231,52,https://www.ministop.co.kr/MiniStopHomePage/page/pic.do?n=softhamburger.[ZAN1HBZP_]ILBAN43.jpg,떡갈비버거,"2,500원",0
232,52,https://www.ministop.co.kr/MiniStopHomePage/page/pic.do?n=softhamburger.[6QT5RMLP_]ILBAN41.jpg,스모키바베큐버거,"2,300원",0
233,52,https://www.ministop.co.kr/MiniStopHomePage/page/pic.do?n=softhamburger.[A9EVOTJP_]ILBAN39.jpg,브리오슈소시지버거,"2,300원",0
234,52,https://www.ministop.co.kr/MiniStopHomePage/page/pic.do?n=softhamburger.[NHH900HP_]ILBAN37.jpg,토마토치즈불고기버거,"2,300원",0
235,52,https://www.ministop.co.kr/MiniStopHomePage/page/pic.do?n=softhamburger.[II8MZBFP_]ILBAN36.jpg,모짜렐라불고기크로켓버거,"1,800원",0
236,52,https://www.ministop.co.kr/MiniStopHomePage/page/pic.do?n=softhamburger.[7TKFWRSP_]ILBAN35.jpg,트윈치킨불고기버거,"2,800원",0
237,52,https://www.ministop.co.kr/MiniStopHomePage/page/pic.do?n=softhamburger.[KW7MX7PP_]ILBAN34.jpg,치즈크로켓버거,"1,500원",0
238,52,https://www.ministop.co.kr/MiniStopHomePage/page/pic.do?n=softhamburger.[3U0BX7PP_]ILBAN33.jpg,불고기크로켓버거,"1,500원",0
239,52,https://www.ministop.co.kr/MiniStopHomePage/page/pic.do?n=softhamburger.[YMJWFQYP_]ILBAN30.jpg,숯불그릴버거,"1,500원",0
240,52,https://www.ministop.co.kr/MiniStopHomePage/page/pic.do?n=softhamburger.[GSHAZRTP_]ILBAN29.jpg,피자맛불고기버거,"1,800원",0
241,52,https://www.ministop.co.kr/MiniStopHomePage/page/pic.do?n=softhamburger.[V81UZRTP_]ILBAN28.jpg,갈비맛불고기버거,"1,800원",0
242,52,https://www.ministop.co.kr/MiniStopHomePage/page/pic.do?n=softhamburger.[10V2KDNO_]ILBAN19.jpg,비프치즈버거,"2,800원",0
243,52,https://www.ministop.co.kr/MiniStopHomePage/page/pic.do?n=softhamburger.[OJDWD1CO_]ILBAN16.jpg,신)불고기버거,"2,000원",0
244,52,https://www.ministop.co.kr/MiniStopHomePage/page/pic.do?n=softhamburger.[BHTL5MXO_]ILBAN14.jpg,더블스테이크버거,"2,800원",0
245,52,https://www.ministop.co.kr/MiniStopHomePage/page/pic.do?n=softhamburger.ILBAN10.jpg,갈릭빅불버거,"2,500원",0
246,52,https://www.ministop.co.kr/MiniStopHomePage/page/pic.do?n=softhamburger.[USSGL0RP_]ILBAN09_1.jpg,신)통살새우버거,"2,000원",0
247,52,https://www.ministop.co.kr/MiniStopHomePage/page/pic.do?n=softhamburger.[IUUR18RO_]ILBAN01.jpg,스테이크버거,"2,200원",0
248,30,https://www.ministop.co.kr/MiniStopHomePage/page/pic.do?n=goods.[Y66SA7NP_]pb28.jpg,쏙쏙초코칩쿠키,"1,200원",5
249,30,https://www.ministop.co.kr/MiniStopHomePage/page/pic.do?n=goods.[Y2CUA7NP_]pb27.jpg,마늘바게트,"1,200원",5
250,30,https://www.ministop.co.kr/MiniStopHomePage/page/pic.do?n=goods.[EQOKNRBP_]pb26.jpg,코코넛&피넛팝콘,"1,500원",5
251,50,https://www.ministop.co.kr/MiniStopHomePage/page/pic.do?n=goods.[7PVGNRBP_]pb25.jpg,매운야채바,"1,500원",5
252,30,https://www.ministop.co.kr/MiniStopHomePage/page/pic.do?n=goods.[QTEUW5BP_]pb24.jpg,촉촉한버터쿠키,"1,200원",5
253,30,https://www.ministop.co.kr/MiniStopHomePage/page/pic.do?n=goods.[MUL6EWVP_]pb23.jpg,시네마왕갈비통닭맛팝콘,"1,500원",5
254,30,https://www.ministop.co.kr/MiniStopHomePage/page/pic.do?n=goods.[CXVRE7CP_]pb22.jpg,벨기에초코콘,"1,800원",5
255,30,https://www.ministop.co.kr/MiniStopHomePage/page/pic.do?n=goods.[F4Y3XKZP_]pb21.jpg,고구마형과자,"1,200원",5
256,30,https://www.ministop.co.kr/MiniStopHomePage/page/pic.do?n=goods.[HPIMZKZP_]pb20.jpg,왕소라형과자,"1,200원",5
257,30,https://www.ministop.co.kr/MiniStopHomePage/page/pic.do?n=goods.[Q7UXLIZP_]pb19.jpg,초코팅촉,"1,200원",5
258,50,https://www.ministop.co.kr/MiniStopHomePage/page/pic.do?n=goods.[PQXVXFLP_]pb18.jpg,리얼매콤순대,"2,600원",5
259,50,https://www.ministop.co.kr/MiniStopHomePage/page/pic.do?n=goods.[4LFXXFLP_]pb17.jpg,리얼떡순이,"2,900원",5
260,82,https://www.ministop.co.kr/MiniStopHomePage/page/pic.do?n=goods.[CNWXEDLP_]pb16.jpg,촉촉티라미수,"1,200원",5
261,30,https://www.ministop.co.kr/MiniStopHomePage/page/pic.do?n=goods.[SQGKEDLP_]pb15.jpg,콘초코클래식,"1,200원",5
262,30,https://www.ministop.co.kr/MiniStopHomePage/page/pic.do?n=goods.[3QMQL0KP_]pb14.jpg,콩고물인절미,"1,200원",5
263,30,https://www.ministop.co.kr/MiniStopHomePage/page/pic.do?n=goods.[V9JE11KP_]pb13.jpg,짱이야,"1,200원",5
264,30,https://www.ministop.co.kr/MiniStopHomePage/page/pic.do?n=goods.[G31LCHJP_]pb12.jpg,고르곤졸라치즈팝콘,"1,200원",5
265,30,https://www.ministop.co.kr/MiniStopHomePage/page/pic.do?n=goods.[YPD7LCHP_]pb11.jpg,맛새우칩,"1,200원",5
266,30,https://www.ministop.co.kr/MiniStopHomePage/page/pic.do?n=goods.[EFG3D8HP_]pb10.jpg,달달꽈배기,"1,200원",5
267,30,https://www.ministop.co.kr/MiniStopHomePage/page/pic.do?n=goods.[IC9XS8HP_]pb09.jpg,두부김치스낵,"1,200원",5
268,30,https://www.ministop.co.kr/MiniStopHomePage/page/pic.do?n=goods.[CI85RZGP_]pb08_.jpg,시네마버터팝콘,"1,200원",5
269,20,https://www.ministop.co.kr/MiniStopHomePage/page/pic.do?n=goods.[8DEVEZGP_]pb07.jpg,헛개꿀물180ml,"1,300원",5
270,20,https://www.ministop.co.kr/MiniStopHomePage/page/pic.do?n=goods.[PZFWRZGP_]pb06_.jpg,유자꿀물180ml,"1,000원",5
271,30,https://www.ministop.co.kr/MiniStopHomePage/page/pic.do?n=goods.[VOVZC4GP_]pb05.jpg,메이플쿠키,"1,200원",5
272,50,https://www.ministop.co.kr/MiniStopHomePage/page/pic.do?n=goods.[6P4LC4GP_]pb04.jpg,리얼쫄볶이,"2,400원",5
273,50,https://www.ministop.co.kr/MiniStopHomePage/page/pic.do?n=goods.[QXWJC4GP_]pb03.jpg,리얼떡볶이,"2,000원",5
274,30,https://www.ministop.co.kr/MiniStopHomePage/page/pic.do?n=goods.[DWFFC4GP_]pb02.jpg,오징어해씨볼,"1,200원",5
275,30,https://www.ministop.co.kr/MiniStopHomePage/page/pic.do?n=goods.[SLDYC4GP_]pb01.jpg,떡볶이스낵,"1,200원",5
