id,category,link,img,title,price
1,봉지스낵,http://branch1.nowpick.co.kr/shop/view.php?index_no=8114,http://branch1.nowpick.co.kr/data/goods/8114/thumb-aMaLtQDLzlLGVrq5XBvJe76DfzHJvv_235x235.jpg,인비바프리미엄감자칩35g,"3,200원"
2,봉지스낵,http://branch1.nowpick.co.kr/shop/view.php?index_no=8113,http://branch1.nowpick.co.kr/data/goods/8113/thumb-876njSB3HmcUUHC1P4pL4jYpgVRNrl_235x235.jpg,인비바프리미엄고구마칩35g,"3,200원"
3,봉지스낵,http://branch1.nowpick.co.kr/shop/view.php?index_no=8112,http://branch1.nowpick.co.kr/data/goods/8112/thumb-lEptkjWCrJSypp1pvkXExmVkL4rbGc_235x235.jpg,인비바프리미엄바나나칩20g,"3,800원"
4,봉지스낵,http://branch1.nowpick.co.kr/shop/view.php?index_no=8111,http://branch1.nowpick.co.kr/data/goods/8111/thumb-6YVTs2GUnPEKEhYgV8zlYNJYMGkf4R_235x235.jpg,인비바프리미엄파인애플칩20g,"3,800원"
5,봉지스낵,http://branch1.nowpick.co.kr/shop/view.php?index_no=8110,http://branch1.nowpick.co.kr/data/goods/8110/thumb-Yz7mHsZLaMCZAZaKfvlWTwpJr12CjA_235x235.jpg,인비바프리미엄사과칩20g,"3,900원"
6,봉지스낵,http://branch1.nowpick.co.kr/shop/view.php?index_no=8013,http://branch1.nowpick.co.kr/data/goods/8013/thumb-sCtcNfz3Qg4YqF3dkreMzvBZ82hZX9_235x235.jpg,퀼리통밀브래드스틱50g,"1,500원"
7,봉지스낵,http://branch1.nowpick.co.kr/shop/view.php?index_no=8012,http://branch1.nowpick.co.kr/data/goods/8012/thumb-1556844554_9326_vNYr35Krj6rQQW4pPWWnx5vaPeQrBH_235x235.jpg,퀼리치아씨드브래드스틱50g,"1,500원"
8,봉지스낵,http://branch1.nowpick.co.kr/shop/view.php?index_no=8011,http://branch1.nowpick.co.kr/data/goods/8011/thumb-lVrwJbLp9f4SX2qaDAetpacbJLTwT5_235x235.jpg,퀼리치즈브래드스틱50g,"1,500원"
9,봉지스낵,http://branch1.nowpick.co.kr/shop/view.php?index_no=8010,http://branch1.nowpick.co.kr/data/goods/8010/thumb-WzxbAv2DDVVbbt9EGbKZQxG1qS1QZn_235x235.jpg,퀼리지중해브래드스틱50g,"1,500원"
10,봉지스낵,http://branch1.nowpick.co.kr/shop/view.php?index_no=8008,http://branch1.nowpick.co.kr/data/goods/8008/thumb-nt6nSwuzPPAXycZHLat2UDdTKSYvKK_235x235.jpg,퀼리오리지널브래드스틱50g,"1,500원"
11,봉지스낵,http://branch1.nowpick.co.kr/shop/view.php?index_no=7965,http://branch1.nowpick.co.kr/data/goods/7965/thumb-3RytGTEPA6YSzJ5wfAh4XzmEbNlsxp_235x235.jpg,콜라겐팝숯불바베큐맛50g,"3,500원"
12,봉지스낵,http://branch1.nowpick.co.kr/shop/view.php?index_no=7964,http://branch1.nowpick.co.kr/data/goods/7964/thumb-FR2pHpfxRNKp2h3YW4sSgdmhVuqqqA_235x235.jpg,콜라겐팝와사비마요50g,"3,500원"
13,봉지스낵,http://branch1.nowpick.co.kr/shop/view.php?index_no=7905,http://branch1.nowpick.co.kr/data/goods/7905/thumb-8HqFJ673XRngnJSH2WaJSkMZZhkGZ6_235x235.jpg,쫄병커피우유맛77g,"1,000원"
14,봉지스낵,http://branch1.nowpick.co.kr/shop/view.php?index_no=7891,http://branch1.nowpick.co.kr/data/goods/7891/thumb-rFvQ6x13l2AdMqGaFLhbRhvATr8C5N_235x235.jpg,쫄병안성탕면맛77g,"1,000원"
15,봉지스낵,http://branch1.nowpick.co.kr/shop/view.php?index_no=7814,http://branch1.nowpick.co.kr/data/goods/7814/thumb-WBtfCFVgADRUZA1QweuddFRQaFR7cR_235x235.jpg,치킨팝닭강정맛81g,"1,000원"
16,봉지스낵,http://branch1.nowpick.co.kr/shop/view.php?index_no=7657,http://branch1.nowpick.co.kr/data/goods/7657/thumb-zr2zXP1msPkbd5EZZNxklM7luvUctc_235x235.jpg,허니버터칩체리블라썸60g,"1,500원"
17,봉지스낵,http://branch1.nowpick.co.kr/shop/view.php?index_no=7556,http://branch1.nowpick.co.kr/data/goods/7556/thumb-xtUbNFCT3dHSnafCvpGLK7qzQTxCHA_235x235.jpg,그린피스와사비스낵380g,"4,900원"
18,봉지스낵,http://branch1.nowpick.co.kr/shop/view.php?index_no=7555,http://branch1.nowpick.co.kr/data/goods/7555/thumb-M9m6uQFl1hez5jcvYX4D4Y8P8sCJgM_235x235.jpg,피욘크미니프리첼180g,"1,900원"
19,봉지스낵,http://branch1.nowpick.co.kr/shop/view.php?index_no=3010,http://branch1.nowpick.co.kr/data/goods/3010/thumb-naCzWDMnhS73jkMHkKyvkh7jdnA8Cj_235x235.jpg,[임박SALE!]베이비스타치킨맛라멘101g,"1,500원"
20,봉지스낵,http://branch1.nowpick.co.kr/shop/view.php?index_no=2201,http://branch1.nowpick.co.kr/data/goods/2201/thumb-vMXaPlRKlyFwJr4kCTASfsCrqDaZau_235x235.jpg,꽃게랑청양고추맛70g,"1,500원"
21,봉지스낵,http://branch1.nowpick.co.kr/shop/view.php?index_no=1934,http://branch1.nowpick.co.kr/data/goods/1934/thumb-8809027556406_0_235x235.jpg,커널스카라멜&크림치즈팝콘45g,"1,500원"
22,봉지스낵,http://branch1.nowpick.co.kr/shop/view.php?index_no=1822,http://branch1.nowpick.co.kr/data/goods/1822/thumb-8801117784409_0_235x235.jpg,꼬북칩콘스프맛80g,"1,500원"
23,봉지스낵,http://branch1.nowpick.co.kr/shop/view.php?index_no=1775,http://branch1.nowpick.co.kr/data/goods/1775/thumb-8801073310704_0_235x235.jpg,별뽀빠이72g,800원
24,봉지스낵,http://branch1.nowpick.co.kr/shop/view.php?index_no=1713,http://branch1.nowpick.co.kr/data/goods/1713/thumb-8801062012336_0_235x235.jpg,치토스콘스프맛82g,"1,500원"
25,봉지스낵,http://branch1.nowpick.co.kr/shop/view.php?index_no=1641,http://branch1.nowpick.co.kr/data/goods/1641/thumb-8801062014002_0_235x235.jpg,도리토스갈비천왕치킨맛84g,"1,500원"
26,봉지스낵,http://branch1.nowpick.co.kr/shop/view.php?index_no=1628,http://branch1.nowpick.co.kr/data/goods/1628/thumb-8801043043205_0_235x235.jpg,깐풍새우깡80g,"1,300원"
27,봉지스낵,http://branch1.nowpick.co.kr/shop/view.php?index_no=1506,http://branch1.nowpick.co.kr/data/goods/1506/thumb-8801117798208_0_235x235.jpg,돌아온썬64g,"1,300원"
28,봉지스낵,http://branch1.nowpick.co.kr/shop/view.php?index_no=1415,http://branch1.nowpick.co.kr/data/goods/1415/thumb-8801062009374_0_235x235.jpg,웰빙씨리얼오트42g,"1,200원"
29,봉지스낵,http://branch1.nowpick.co.kr/shop/view.php?index_no=1376,http://branch1.nowpick.co.kr/data/goods/1376/thumb-8801117765903_0_235x235.jpg,도도한나쵸치즈맛92g,"1,500원"
30,봉지스낵,http://branch1.nowpick.co.kr/shop/view.php?index_no=1162,http://branch1.nowpick.co.kr/data/goods/1162/thumb-8809304881023_0_235x235.jpg,프레첼체다치즈맛85g,"1,500원"
31,봉지스낵,http://branch1.nowpick.co.kr/shop/view.php?index_no=1161,http://branch1.nowpick.co.kr/data/goods/1161/thumb-8809304881016_0_235x235.jpg,프레첼갈릭버터맛85g,"1,500원"
32,봉지스낵,http://branch1.nowpick.co.kr/shop/view.php?index_no=1086,http://branch1.nowpick.co.kr/data/goods/1086/thumb-8809027555287_0_235x235.jpg,커널스크리미카라멜팝콘65g,"1,500원"
33,봉지스낵,http://branch1.nowpick.co.kr/shop/view.php?index_no=1085,http://branch1.nowpick.co.kr/data/goods/1085/thumb-8809027555270_0_235x235.jpg,커널스슈퍼믹스팝콘55g,"1,500원"
34,봉지스낵,http://branch1.nowpick.co.kr/shop/view.php?index_no=976,http://branch1.nowpick.co.kr/data/goods/976/thumb-8801906162050_0_235x235.jpg,왕소라과자136g,"1,200원"
35,봉지스낵,http://branch1.nowpick.co.kr/shop/view.php?index_no=887,http://branch1.nowpick.co.kr/data/goods/887/thumb-8801151115085_0_235x235.jpg,뻥이요140g,"1,800원"
36,봉지스낵,http://branch1.nowpick.co.kr/shop/view.php?index_no=865,http://branch1.nowpick.co.kr/data/goods/865/thumb-8801117775001_0_235x235.jpg,스윙칩볶음고추장맛60g,"1,500원"
37,봉지스낵,http://branch1.nowpick.co.kr/shop/view.php?index_no=864,http://branch1.nowpick.co.kr/data/goods/864/thumb-8801117762308_0_235x235.jpg,오감자양념바베큐소스맛50g,"1,500원"
38,봉지스낵,http://branch1.nowpick.co.kr/shop/view.php?index_no=863,http://branch1.nowpick.co.kr/data/goods/863/thumb-8801117760908_0_235x235.jpg,오징어땅콩98g,"1,500원"
39,봉지스낵,http://branch1.nowpick.co.kr/shop/view.php?index_no=862,http://branch1.nowpick.co.kr/data/goods/862/thumb-8801117760304_0_235x235.jpg,포카칩어니언맛60g,"1,500원"
40,봉지스낵,http://branch1.nowpick.co.kr/shop/view.php?index_no=861,http://branch1.nowpick.co.kr/data/goods/861/thumb-8801117760106_0_235x235.jpg,포카칩오리지널60g,"1,500원"
41,봉지스낵,http://branch1.nowpick.co.kr/shop/view.php?index_no=860,http://branch1.nowpick.co.kr/data/goods/860/thumb-8801117752804_0_235x235.jpg,오감자감자그라탕맛50g,"1,200원"
42,봉지스낵,http://branch1.nowpick.co.kr/shop/view.php?index_no=853,http://branch1.nowpick.co.kr/data/goods/853/thumb-8801117446901_0_235x235.jpg,초코송이50g,"1,000원"
43,봉지스낵,http://branch1.nowpick.co.kr/shop/view.php?index_no=840,http://branch1.nowpick.co.kr/data/goods/840/thumb-8801117268206_0_235x235.jpg,왕고래밥볶음양념맛56g,"1,200원"
44,봉지스낵,http://branch1.nowpick.co.kr/shop/view.php?index_no=839,http://branch1.nowpick.co.kr/data/goods/839/thumb-8801117115203_0_235x235.jpg,고래밥볶음양념맛40g,700원
45,봉지스낵,http://branch1.nowpick.co.kr/shop/view.php?index_no=837,http://branch1.nowpick.co.kr/data/goods/837/thumb-8801117109004_0_235x235.jpg,미쯔블랙84g,"1,500원"
46,봉지스낵,http://branch1.nowpick.co.kr/shop/view.php?index_no=819,http://branch1.nowpick.co.kr/data/goods/819/thumb-8801111924634_0_235x235.jpg,꽃게랑와사비70g,"1,500원"
47,봉지스낵,http://branch1.nowpick.co.kr/shop/view.php?index_no=817,http://branch1.nowpick.co.kr/data/goods/817/thumb-8801111922531_0_235x235.jpg,카라멜콘땅콩72g,"1,500원"
48,봉지스낵,http://branch1.nowpick.co.kr/shop/view.php?index_no=816,http://branch1.nowpick.co.kr/data/goods/816/thumb-8801111919609_0_235x235.jpg,꽃게랑불짬뽕70g,"1,500원"
49,봉지스낵,http://branch1.nowpick.co.kr/shop/view.php?index_no=812,http://branch1.nowpick.co.kr/data/goods/812/thumb-8801111916479_0_235x235.jpg,츄러스84g,"1,500원"
50,봉지스낵,http://branch1.nowpick.co.kr/shop/view.php?index_no=811,http://branch1.nowpick.co.kr/data/goods/811/thumb-8801111912075_0_235x235.jpg,땅콩카라멜120g,"2,000원"
51,봉지스낵,http://branch1.nowpick.co.kr/shop/view.php?index_no=810,http://branch1.nowpick.co.kr/data/goods/810/thumb-8801111904292_0_235x235.jpg,카라멜콘메이플74g,"1,500원"
52,봉지스낵,http://branch1.nowpick.co.kr/shop/view.php?index_no=805,http://branch1.nowpick.co.kr/data/goods/805/thumb-8801111611312_0_235x235.jpg,콘칩70g,"1,500원"
53,봉지스낵,http://branch1.nowpick.co.kr/shop/view.php?index_no=804,http://branch1.nowpick.co.kr/data/goods/804/thumb-8801111610636_0_235x235.jpg,죠리퐁74g,"1,500원"
54,봉지스낵,http://branch1.nowpick.co.kr/shop/view.php?index_no=790,http://branch1.nowpick.co.kr/data/goods/790/thumb-8801111185066_0_235x235.jpg,못말리는신짱120g,"1,500원"
55,봉지스낵,http://branch1.nowpick.co.kr/shop/view.php?index_no=712,http://branch1.nowpick.co.kr/data/goods/712/thumb-8801073310711_0_235x235.jpg,사또밥67g,"1,300원"
56,봉지스낵,http://branch1.nowpick.co.kr/shop/view.php?index_no=711,http://branch1.nowpick.co.kr/data/goods/711/thumb-8801073310698_0_235x235.jpg,짱구115g,"1,300원"
57,봉지스낵,http://branch1.nowpick.co.kr/shop/view.php?index_no=661,http://branch1.nowpick.co.kr/data/goods/661/thumb-8801062518210_0_235x235.jpg,칸쵸54g,"1,000원"
58,봉지스낵,http://branch1.nowpick.co.kr/shop/view.php?index_no=652,http://branch1.nowpick.co.kr/data/goods/652/thumb-8801062385850_0_235x235.jpg,고구마켓62g,"3,000원"
59,봉지스낵,http://branch1.nowpick.co.kr/shop/view.php?index_no=651,http://branch1.nowpick.co.kr/data/goods/651/thumb-8801062013548_0_235x235.jpg,꼬깔콘매콤달콤한맛72g,"1,500원"
60,봉지스낵,http://branch1.nowpick.co.kr/shop/view.php?index_no=650,http://branch1.nowpick.co.kr/data/goods/650/thumb-8801062013531_0_235x235.jpg,꼬깔콘군옥수수맛72g,"1,500원"
61,봉지스낵,http://branch1.nowpick.co.kr/shop/view.php?index_no=649,http://branch1.nowpick.co.kr/data/goods/649/thumb-8801062013524_0_235x235.jpg,꼬깔콘고소한맛72g,"1,500원"
62,봉지스낵,http://branch1.nowpick.co.kr/shop/view.php?index_no=648,http://branch1.nowpick.co.kr/data/goods/648/thumb-8801062380015_0_235x235.jpg,치토스매콤달콤한맛88g,"1,500원"
63,봉지스낵,http://branch1.nowpick.co.kr/shop/view.php?index_no=634,http://branch1.nowpick.co.kr/data/goods/634/thumb-8801062289936_0_235x235.jpg,치토스스모키바베큐맛88g,"1,500원"
64,봉지스낵,http://branch1.nowpick.co.kr/shop/view.php?index_no=528,http://branch1.nowpick.co.kr/data/goods/528/thumb-8801045560090_0_235x235.jpg,뿌셔뿌셔떡볶이맛90g,900원
65,봉지스낵,http://branch1.nowpick.co.kr/shop/view.php?index_no=527,http://branch1.nowpick.co.kr/data/goods/527/thumb-8801045560076_0_235x235.jpg,뿌셔뿌셔바베큐맛90g,900원
66,봉지스낵,http://branch1.nowpick.co.kr/shop/view.php?index_no=526,http://branch1.nowpick.co.kr/data/goods/526/thumb-8801045560052_0_235x235.jpg,뿌셔뿌셔양념치킨맛90g,900원
67,봉지스낵,http://branch1.nowpick.co.kr/shop/view.php?index_no=525,http://branch1.nowpick.co.kr/data/goods/525/thumb-8801045560038_0_235x235.jpg,뿌셔뿌셔불고기맛90g,900원
68,봉지스낵,http://branch1.nowpick.co.kr/shop/view.php?index_no=457,http://branch1.nowpick.co.kr/data/goods/457/thumb-8801043036719_0_235x235.jpg,조청유과96g,"1,500원"
69,봉지스낵,http://branch1.nowpick.co.kr/shop/view.php?index_no=456,http://branch1.nowpick.co.kr/data/goods/456/thumb-8801043036672_0_235x235.jpg,인디안밥83g,"1,500원"
70,봉지스낵,http://branch1.nowpick.co.kr/shop/view.php?index_no=455,http://branch1.nowpick.co.kr/data/goods/455/thumb-8801043036634_0_235x235.jpg,바나나킥75g,"1,500원"
71,봉지스낵,http://branch1.nowpick.co.kr/shop/view.php?index_no=454,http://branch1.nowpick.co.kr/data/goods/454/thumb-8801043036559_0_235x235.jpg,닭다리핫숯불바베큐맛66g,"1,500원"
72,봉지스낵,http://branch1.nowpick.co.kr/shop/view.php?index_no=453,http://branch1.nowpick.co.kr/data/goods/453/thumb-8801043036535_0_235x235.jpg,닭다리후라이드치킨맛66g,"1,500원"
73,봉지스낵,http://branch1.nowpick.co.kr/shop/view.php?index_no=452,http://branch1.nowpick.co.kr/data/goods/452/thumb-8801043036498_0_235x235.jpg,양파깡77g,"1,500원"
74,봉지스낵,http://branch1.nowpick.co.kr/shop/view.php?index_no=451,http://branch1.nowpick.co.kr/data/goods/451/thumb-8801043036436_0_235x235.jpg,포스틱84g,"1,500원"
75,봉지스낵,http://branch1.nowpick.co.kr/shop/view.php?index_no=450,http://branch1.nowpick.co.kr/data/goods/450/thumb-8801043036238_0_235x235.jpg,자갈치90g,"1,500원"
76,봉지스낵,http://branch1.nowpick.co.kr/shop/view.php?index_no=449,http://branch1.nowpick.co.kr/data/goods/449/thumb-8801043036214_0_235x235.jpg,땅콩꽈배기84g,"1,500원"
77,봉지스낵,http://branch1.nowpick.co.kr/shop/view.php?index_no=448,http://branch1.nowpick.co.kr/data/goods/448/thumb-8801043036177_0_235x235.jpg,꿀꽈배기90g,"1,500원"
78,봉지스낵,http://branch1.nowpick.co.kr/shop/view.php?index_no=447,http://branch1.nowpick.co.kr/data/goods/447/thumb-8801043036139_0_235x235.jpg,감자깡75g,"1,500원"
79,봉지스낵,http://branch1.nowpick.co.kr/shop/view.php?index_no=446,http://branch1.nowpick.co.kr/data/goods/446/thumb-8801043036092_0_235x235.jpg,고구마깡83g,"1,500원"
80,봉지스낵,http://branch1.nowpick.co.kr/shop/view.php?index_no=445,http://branch1.nowpick.co.kr/data/goods/445/thumb-8801043036078_0_235x235.jpg,매운새우깡90g,"1,300원"
81,봉지스낵,http://branch1.nowpick.co.kr/shop/view.php?index_no=444,http://branch1.nowpick.co.kr/data/goods/444/thumb-8801043035989_0_235x235.jpg,새우깡90g,"1,300원"
82,봉지스낵,http://branch1.nowpick.co.kr/shop/view.php?index_no=443,http://branch1.nowpick.co.kr/data/goods/443/thumb-8801043031431_0_235x235.jpg,쫄병매콤한맛82g,"1,000원"
83,봉지스낵,http://branch1.nowpick.co.kr/shop/view.php?index_no=442,http://branch1.nowpick.co.kr/data/goods/442/thumb-64fB5q5Y4NWLbbPeEBjfQCESReGfCR_235x235.jpg,쫄병바베큐맛82g,"1,000원"
84,봉지스낵,http://branch1.nowpick.co.kr/shop/view.php?index_no=414,http://branch1.nowpick.co.kr/data/goods/414/thumb-8801043010061_0_235x235.jpg,수미칩양파85g,"2,500원"
85,봉지스낵,http://branch1.nowpick.co.kr/shop/view.php?index_no=413,http://branch1.nowpick.co.kr/data/goods/413/thumb-8801043010047_0_235x235.jpg,수미칩오리지날85g,"2,500원"
86,봉지스낵,http://branch1.nowpick.co.kr/shop/view.php?index_no=412,http://branch1.nowpick.co.kr/data/goods/412/thumb-8801043005814_0_235x235.jpg,포테토칩오리지날60g,"1,500원"
87,봉지스낵,http://branch1.nowpick.co.kr/shop/view.php?index_no=363,http://branch1.nowpick.co.kr/data/goods/363/thumb-8801019608056_0_235x235.jpg,빠새60g,"1,500원"
88,봉지스낵,http://branch1.nowpick.co.kr/shop/view.php?index_no=362,http://branch1.nowpick.co.kr/data/goods/362/thumb-8801019606540_0_235x235.jpg,허니버터칩60g,"1,500원"
89,봉지스낵,http://branch1.nowpick.co.kr/shop/view.php?index_no=361,http://branch1.nowpick.co.kr/data/goods/361/thumb-8801019606328_0_235x235.jpg,오사쯔고구마스낵60g,"1,500원"
90,봉지스낵,http://branch1.nowpick.co.kr/shop/view.php?index_no=360,http://branch1.nowpick.co.kr/data/goods/360/thumb-8801019608766_0_235x235.jpg,맛동산90g,"2,000원"
91,봉지스낵,http://branch1.nowpick.co.kr/shop/view.php?index_no=345,http://branch1.nowpick.co.kr/data/goods/345/thumb-8801019310720_0_235x235.jpg,홈런볼초코46g,"1,500원"
92,봉지스낵,http://branch1.nowpick.co.kr/shop/view.php?index_no=344,http://branch1.nowpick.co.kr/data/goods/344/thumb-8801019309571_0_235x235.jpg,버터링86g,"1,500원"
93,봉지스낵,http://branch1.nowpick.co.kr/shop/view.php?index_no=343,http://branch1.nowpick.co.kr/data/goods/343/thumb-8801019308611_0_235x235.jpg,초코틴틴76g,"1,800원"
94,봉지스낵,http://branch1.nowpick.co.kr/shop/view.php?index_no=342,http://branch1.nowpick.co.kr/data/goods/342/thumb-8801019313325_0_235x235.jpg,크림웨하스오리지널50g,900원
95,봉지스낵,http://branch1.nowpick.co.kr/shop/view.php?index_no=245,http://branch1.nowpick.co.kr/data/goods/245/thumb-79426368995_0_235x235.jpg,리코스나쵸칩미니100g,"1,500원"
96,봉지스낵,http://branch1.nowpick.co.kr/shop/view.php?index_no=175,http://branch1.nowpick.co.kr/data/goods/175/thumb-4902775018999_0_235x235.jpg,베이비스타치킨맛라멘5개입(115g),"2,500원"
97,봉지스낵,http://branch1.nowpick.co.kr/shop/view.php?index_no=174,http://branch1.nowpick.co.kr/data/goods/174/thumb-4902775018982_0_235x235.jpg,베이비스타치킨맛라멘101g,"1,500원"
98,봉지스낵,http://branch1.nowpick.co.kr/shop/view.php?index_no=129,http://branch1.nowpick.co.kr/data/goods/129/thumb-4711162826013_0_235x235.jpg,크리스피롤12곡180g,"4,500원"
99,봉지스낵,http://branch1.nowpick.co.kr/shop/view.php?index_no=128,http://branch1.nowpick.co.kr/data/goods/128/thumb-4543112881205_0_235x235.jpg,크레용신짱초코비20g,"2,500원"
100,봉지스낵,http://branch1.nowpick.co.kr/shop/view.php?index_no=61,http://branch1.nowpick.co.kr/data/goods/61/thumb-hVYfsmNfYnberxQcncFtRV8HEm21wv_235x235.jpg,액트투팝콘전자렌지용78g,"1,600원"
101,봉지스낵,http://branch1.nowpick.co.kr/shop/view.php?index_no=8206,http://branch1.nowpick.co.kr/data/goods/8206/thumb-6hjC6PVK5QUHHAHzvBLZ5sukECxLMp_235x235.jpg,돌아온썬갈릭바게트맛64g,품절
102,봉지스낵,http://branch1.nowpick.co.kr/shop/view.php?index_no=8009,http://branch1.nowpick.co.kr/data/goods/8009/thumb-TraaNeaBfkB4R362pfDNlyGFLKr2k9_235x235.jpg,퀼리블랙올리브브래드스틱50g,품절
103,봉지스낵,http://branch1.nowpick.co.kr/shop/view.php?index_no=7901,http://branch1.nowpick.co.kr/data/goods/7901/thumb-jXG7hyfbmFBJq6PxyylwTuwdfKLw8S_235x235.jpg,섬섬옥수수어니언68g,품절
104,봉지스낵,http://branch1.nowpick.co.kr/shop/view.php?index_no=7900,http://branch1.nowpick.co.kr/data/goods/7900/thumb-wu6VTgm6ntadhcfSK7CjcXaFsmRcPs_235x235.jpg,섬섬옥수수매콤달콤68g,품절
1,쿠키/크래커,http://branch1.nowpick.co.kr/shop/view.php?index_no=7881,http://branch1.nowpick.co.kr/data/goods/7881/thumb-Jq26NaxNkDVT5C4Zwawn47KhNPAX6j_235x235.jpg,허쉬초콜릿싱글쿠키50g,"1,500원"
2,쿠키/크래커,http://branch1.nowpick.co.kr/shop/view.php?index_no=7880,http://branch1.nowpick.co.kr/data/goods/7880/thumb-Qt92d1Y23qx3F1CtjLHEmmcfyQZptp_235x235.jpg,허쉬화이트아몬드쿠키50g,"1,500원"
3,쿠키/크래커,http://branch1.nowpick.co.kr/shop/view.php?index_no=7818,http://branch1.nowpick.co.kr/data/goods/7818/thumb-m42Av3ZGbtWDaTBgVmBEzrCZUKYHAF_235x235.jpg,미니포테이토스틱100g,"1,600원"
4,쿠키/크래커,http://branch1.nowpick.co.kr/shop/view.php?index_no=7565,http://branch1.nowpick.co.kr/data/goods/7565/thumb-XYmcHVwvrPFlfr2g6tP7Q1b2nW353j_235x235.jpg,커피누가크래커66g,"3,500원"
5,쿠키/크래커,http://branch1.nowpick.co.kr/shop/view.php?index_no=7564,http://branch1.nowpick.co.kr/data/goods/7564/thumb-VTNulDYfQsgdkprggeq1g2TS3zKQcZ_235x235.jpg,누가크래커140g,"5,900원"
6,쿠키/크래커,http://branch1.nowpick.co.kr/shop/view.php?index_no=7563,http://branch1.nowpick.co.kr/data/goods/7563/thumb-1rHFQKY8ZXyBg1dJ2ebY1HS5y8bmbl_235x235.jpg,임페리얼초콜릿헤이즐넛웨이퍼100g,"1,500원"
7,쿠키/크래커,http://branch1.nowpick.co.kr/shop/view.php?index_no=7562,http://branch1.nowpick.co.kr/data/goods/7562/thumb-lZnceVkDPa6YYvhdwu7msBdyjthmcX_235x235.jpg,임페리얼티라미수향웨이퍼100g,"1,500원"
8,쿠키/크래커,http://branch1.nowpick.co.kr/shop/view.php?index_no=7561,http://branch1.nowpick.co.kr/data/goods/7561/thumb-RqYQc7MDCcfTwqx6bzYrs51VYhBgvz_235x235.jpg,임페리얼밀키바닐라향웨이퍼100g,"1,500원"
9,쿠키/크래커,http://branch1.nowpick.co.kr/shop/view.php?index_no=7560,http://branch1.nowpick.co.kr/data/goods/7560/thumb-3b94PgnaxpmwlbRDBWPcmjUlkayPNW_235x235.jpg,임페리얼데니쉬버터쿠키200g,"3,100원"
10,쿠키/크래커,http://branch1.nowpick.co.kr/shop/view.php?index_no=7559,http://branch1.nowpick.co.kr/data/goods/7559/thumb-TvxTbqGxn4VHZj86MS2esjUsB9p5LL_235x235.jpg,임페리얼데니쉬버터쿠키500g,"7,000원"
11,쿠키/크래커,http://branch1.nowpick.co.kr/shop/view.php?index_no=7558,http://branch1.nowpick.co.kr/data/goods/7558/thumb-ec7cRA87szPvwKxnsg5a38w2l3YvWl_235x235.jpg,킨도파라인크래커150g,"1,000원"
12,쿠키/크래커,http://branch1.nowpick.co.kr/shop/view.php?index_no=7557,http://branch1.nowpick.co.kr/data/goods/7557/thumb-B2adJ3J2K8ktfpbgvW14LslPKU3Gcn_235x235.jpg,킨도미니크리스피크래커150g,"1,000원"
13,쿠키/크래커,http://branch1.nowpick.co.kr/shop/view.php?index_no=7554,http://branch1.nowpick.co.kr/data/goods/7554/thumb-UwNQPma53G2HlA2yd2C4mEsN5uews7_235x235.jpg,알루이메가촉초콜릿맛180g,"1,500원"
14,쿠키/크래커,http://branch1.nowpick.co.kr/shop/view.php?index_no=7553,http://branch1.nowpick.co.kr/data/goods/7553/thumb-ANEeUTUgTrjRk992TTwZw4wPUaJGZK_235x235.jpg,알루이메가촉바닐라향180g,"1,500원"
15,쿠키/크래커,http://branch1.nowpick.co.kr/shop/view.php?index_no=2508,http://branch1.nowpick.co.kr/data/goods/2508/thumb-32VAexPABZm5jcHY4ApZTTNazx8UX6_235x235.jpg,한입호두캬라멜다쿠아즈20g,"1,900원"
16,쿠키/크래커,http://branch1.nowpick.co.kr/shop/view.php?index_no=2507,http://branch1.nowpick.co.kr/data/goods/2507/thumb-F1zPNVlN5Y2PbgvqXExFXTNJPV6dky_235x235.jpg,한입라즈베리다쿠아즈20g,"1,900원"
17,쿠키/크래커,http://branch1.nowpick.co.kr/shop/view.php?index_no=2506,http://branch1.nowpick.co.kr/data/goods/2506/thumb-lYBHAyfsBzFfeyPJuRCWYsflRyJHUn_235x235.jpg,한입레몬다쿠아즈20g,"1,900원"
18,쿠키/크래커,http://branch1.nowpick.co.kr/shop/view.php?index_no=2479,http://branch1.nowpick.co.kr/data/goods/2479/thumb-2dZngwjd3qT82Ds9rHrVBBKxv3l3NF_235x235.jpg,한입바닐라다쿠아즈20g,"1,900원"
19,쿠키/크래커,http://branch1.nowpick.co.kr/shop/view.php?index_no=2105,http://branch1.nowpick.co.kr/data/goods/2105/thumb-8801037088168_0_235x235.jpg,오레오화이트크림100g,"1,500원"
20,쿠키/크래커,http://branch1.nowpick.co.kr/shop/view.php?index_no=2104,http://branch1.nowpick.co.kr/data/goods/2104/thumb-8801037088205_0_235x235.jpg,오레오초콜릿크림100g,"1,500원"
21,쿠키/크래커,http://branch1.nowpick.co.kr/shop/view.php?index_no=1934,http://branch1.nowpick.co.kr/data/goods/1934/thumb-8809027556406_0_235x235.jpg,커널스카라멜&크림치즈팝콘45g,"1,500원"
22,쿠키/크래커,http://branch1.nowpick.co.kr/shop/view.php?index_no=1863,http://branch1.nowpick.co.kr/data/goods/1863/thumb-8801019306327_0_235x235.jpg,사브레오리지날105g,"1,700원"
23,쿠키/크래커,http://branch1.nowpick.co.kr/shop/view.php?index_no=1814,http://branch1.nowpick.co.kr/data/goods/1814/thumb-8801019313332_0_235x235.jpg,딸기웨하스오리지널50g,900원
24,쿠키/크래커,http://branch1.nowpick.co.kr/shop/view.php?index_no=1682,http://branch1.nowpick.co.kr/data/goods/1682/thumb-8801062012763_0_235x235.jpg,빼빼로누드치즈50g,"1,500원"
25,쿠키/크래커,http://branch1.nowpick.co.kr/shop/view.php?index_no=1681,http://branch1.nowpick.co.kr/data/goods/1681/thumb-8801062012756_0_235x235.jpg,빼빼로누드초코50g,"1,500원"
26,쿠키/크래커,http://branch1.nowpick.co.kr/shop/view.php?index_no=1626,http://branch1.nowpick.co.kr/data/goods/1626/thumb-8801062012718_0_235x235.jpg,빼빼로스키니카카오45g,"1,500원"
27,쿠키/크래커,http://branch1.nowpick.co.kr/shop/view.php?index_no=1612,http://branch1.nowpick.co.kr/data/goods/1612/thumb-1203749080008_0_235x235.jpg,이케아생강쿠키아몬드170g,"4,200원"
28,쿠키/크래커,http://branch1.nowpick.co.kr/shop/view.php?index_no=1611,http://branch1.nowpick.co.kr/data/goods/1611/thumb-1603748930005_0_235x235.jpg,이케아귀리비스킷초콜릿600g,"11,500원"
29,쿠키/크래커,http://branch1.nowpick.co.kr/shop/view.php?index_no=1454,http://branch1.nowpick.co.kr/data/goods/1454/thumb-1302371760002_0_235x235.jpg,이케아양파튀김100g,"2,900원"
30,쿠키/크래커,http://branch1.nowpick.co.kr/shop/view.php?index_no=1396,http://branch1.nowpick.co.kr/data/goods/1396/thumb-1801509100005_0_235x235.jpg,이케아카르다몸크리스프롤200g,"4,800원"
31,쿠키/크래커,http://branch1.nowpick.co.kr/shop/view.php?index_no=1395,http://branch1.nowpick.co.kr/data/goods/1395/thumb-1403749260008_0_235x235.jpg,이케아필링비스킷초콜릿향176g,"4,800원"
32,쿠키/크래커,http://branch1.nowpick.co.kr/shop/view.php?index_no=1394,http://branch1.nowpick.co.kr/data/goods/1394/thumb-1103749230000_0_235x235.jpg,이케아필링비스킷라즈베리향176g,"4,800원"
33,쿠키/크래커,http://branch1.nowpick.co.kr/shop/view.php?index_no=1393,http://branch1.nowpick.co.kr/data/goods/1393/thumb-7804630010001_0_235x235.jpg,이케아티카칩스파타고니아35g,"4,100원"
34,쿠키/크래커,http://branch1.nowpick.co.kr/shop/view.php?index_no=1295,http://branch1.nowpick.co.kr/data/goods/1295/thumb-8801019311932_0_235x235.jpg,에이스121g,"1,500원"
35,쿠키/크래커,http://branch1.nowpick.co.kr/shop/view.php?index_no=1294,http://branch1.nowpick.co.kr/data/goods/1294/thumb-CHEESECOOKSET_0_235x235.jpg,치즈쿠키2개입(까망베르+체다/120g),"1,800원"
36,쿠키/크래커,http://branch1.nowpick.co.kr/shop/view.php?index_no=1246,http://branch1.nowpick.co.kr/data/goods/1246/thumb-9800800056_0_235x235.jpg,누텔라앤고52g,"2,300원"
37,쿠키/크래커,http://branch1.nowpick.co.kr/shop/view.php?index_no=1242,http://branch1.nowpick.co.kr/data/goods/1242/thumb-9331275008295_0_235x235.jpg,레돈도웨이퍼카푸치노125g,"2,500원"
38,쿠키/크래커,http://branch1.nowpick.co.kr/shop/view.php?index_no=1241,http://branch1.nowpick.co.kr/data/goods/1241/thumb-9331275008288_0_235x235.jpg,레돈도웨이퍼초콜릿125g,"2,500원"
39,쿠키/크래커,http://branch1.nowpick.co.kr/shop/view.php?index_no=1240,http://branch1.nowpick.co.kr/data/goods/1240/thumb-9331275008271_0_235x235.jpg,레돈도웨이퍼바닐라125g,"2,500원"
40,쿠키/크래커,http://branch1.nowpick.co.kr/shop/view.php?index_no=1230,http://branch1.nowpick.co.kr/data/goods/1230/thumb-8886467109195_0_235x235.jpg,프링글스할라피뇨110g,"3,300원"
41,쿠키/크래커,http://branch1.nowpick.co.kr/shop/view.php?index_no=1229,http://branch1.nowpick.co.kr/data/goods/1229/thumb-8886467105203_0_235x235.jpg,프링글스또띠아콘칩나초치즈110g,"3,400원"
42,쿠키/크래커,http://branch1.nowpick.co.kr/shop/view.php?index_no=1228,http://branch1.nowpick.co.kr/data/goods/1228/thumb-8886467105197_0_235x235.jpg,프링글스또띠아콘칩사워크림&어니언110g,"3,400원"
43,쿠키/크래커,http://branch1.nowpick.co.kr/shop/view.php?index_no=1227,http://branch1.nowpick.co.kr/data/goods/1227/thumb-8886467105180_0_235x235.jpg,프링글스또띠아콘칩오리지날110g,"3,400원"
44,쿠키/크래커,http://branch1.nowpick.co.kr/shop/view.php?index_no=1226,http://branch1.nowpick.co.kr/data/goods/1226/thumb-8886467100055_0_235x235.jpg,프링글스핫앤스파이시110g,"3,300원"
45,쿠키/크래커,http://branch1.nowpick.co.kr/shop/view.php?index_no=1225,http://branch1.nowpick.co.kr/data/goods/1225/thumb-8886467100031_0_235x235.jpg,프링글스치즈맛110g,"3,300원"
46,쿠키/크래커,http://branch1.nowpick.co.kr/shop/view.php?index_no=1224,http://branch1.nowpick.co.kr/data/goods/1224/thumb-8886467100024_0_235x235.jpg,프링글스양파맛110g,"3,300원"
47,쿠키/크래커,http://branch1.nowpick.co.kr/shop/view.php?index_no=1223,http://branch1.nowpick.co.kr/data/goods/1223/thumb-8886467100017_0_235x235.jpg,프링글스오리지날110g,"3,300원"
48,쿠키/크래커,http://branch1.nowpick.co.kr/shop/view.php?index_no=1086,http://branch1.nowpick.co.kr/data/goods/1086/thumb-8809027555287_0_235x235.jpg,커널스크리미카라멜팝콘65g,"1,500원"
49,쿠키/크래커,http://branch1.nowpick.co.kr/shop/view.php?index_no=1085,http://branch1.nowpick.co.kr/data/goods/1085/thumb-8809027555270_0_235x235.jpg,커널스슈퍼믹스팝콘55g,"1,500원"
50,쿠키/크래커,http://branch1.nowpick.co.kr/shop/view.php?index_no=913,http://branch1.nowpick.co.kr/data/goods/913/thumb-8801204004946_0_235x235.jpg,참깨스틱85g,"2,500원"
51,쿠키/크래커,http://branch1.nowpick.co.kr/shop/view.php?index_no=843,http://branch1.nowpick.co.kr/data/goods/843/thumb-8801117277406_0_235x235.jpg,닥터유다이제초코225g,"2,500원"
52,쿠키/크래커,http://branch1.nowpick.co.kr/shop/view.php?index_no=842,http://branch1.nowpick.co.kr/data/goods/842/thumb-8801117277109_0_235x235.jpg,닥터유다이제194g,"2,000원"
53,쿠키/크래커,http://branch1.nowpick.co.kr/shop/view.php?index_no=841,http://branch1.nowpick.co.kr/data/goods/841/thumb-8801117276201_0_235x235.jpg,촉촉한초코칩120g,"2,400원"
54,쿠키/크래커,http://branch1.nowpick.co.kr/shop/view.php?index_no=838,http://branch1.nowpick.co.kr/data/goods/838/thumb-8801117109400_0_235x235.jpg,고소미80g,"1,500원"
55,쿠키/크래커,http://branch1.nowpick.co.kr/shop/view.php?index_no=814,http://branch1.nowpick.co.kr/data/goods/814/thumb-8801111917469_0_235x235.jpg,크라운산도스윗밀크8개입(161g),"2,400원"
56,쿠키/크래커,http://branch1.nowpick.co.kr/shop/view.php?index_no=813,http://branch1.nowpick.co.kr/data/goods/813/thumb-8801111917421_0_235x235.jpg,크라운산도딸기크림8개입(161g),"2,400원"
57,쿠키/크래커,http://branch1.nowpick.co.kr/shop/view.php?index_no=809,http://branch1.nowpick.co.kr/data/goods/809/thumb-8801111614382_0_235x235.jpg,치즈샌드60g,"1,100원"
58,쿠키/크래커,http://branch1.nowpick.co.kr/shop/view.php?index_no=808,http://branch1.nowpick.co.kr/data/goods/808/thumb-8801111614375_0_235x235.jpg,국희쵸코샌드70g,"1,200원"
59,쿠키/크래커,http://branch1.nowpick.co.kr/shop/view.php?index_no=807,http://branch1.nowpick.co.kr/data/goods/807/thumb-8801111614344_0_235x235.jpg,국희땅콩샌드70g,"1,200원"
60,쿠키/크래커,http://branch1.nowpick.co.kr/shop/view.php?index_no=806,http://branch1.nowpick.co.kr/data/goods/806/thumb-n3ypJUfU51nw8PfSQHmdu2npg6cgc2_235x235.jpg,뽀또치즈타르트161g,"2,500원"
61,쿠키/크래커,http://branch1.nowpick.co.kr/shop/view.php?index_no=799,http://branch1.nowpick.co.kr/data/goods/799/thumb-8801111186582_0_235x235.jpg,참크래커56g,"1,200원"
62,쿠키/크래커,http://branch1.nowpick.co.kr/shop/view.php?index_no=798,http://branch1.nowpick.co.kr/data/goods/798/thumb-8801111186247_0_235x235.jpg,화이트하임9개입(142g),"3,300원"
63,쿠키/크래커,http://branch1.nowpick.co.kr/shop/view.php?index_no=797,http://branch1.nowpick.co.kr/data/goods/797/thumb-8801111186230_0_235x235.jpg,화이트하임6개입(47g),"1,400원"
64,쿠키/크래커,http://branch1.nowpick.co.kr/shop/view.php?index_no=796,http://branch1.nowpick.co.kr/data/goods/796/thumb-8801111186216_0_235x235.jpg,초코하임9개입(142g),"3,300원"
65,쿠키/크래커,http://branch1.nowpick.co.kr/shop/view.php?index_no=795,http://branch1.nowpick.co.kr/data/goods/795/thumb-8801111186209_0_235x235.jpg,초코하임6개입(47g),"1,400원"
66,쿠키/크래커,http://branch1.nowpick.co.kr/shop/view.php?index_no=794,http://branch1.nowpick.co.kr/data/goods/794/thumb-8801111186117_0_235x235.jpg,쿠크다스화이트20개입(144g),"3,000원"
67,쿠키/크래커,http://branch1.nowpick.co.kr/shop/view.php?index_no=793,http://branch1.nowpick.co.kr/data/goods/793/thumb-8801111186100_0_235x235.jpg,쿠크다스화이트9개입(72g),"1,500원"
68,쿠키/크래커,http://branch1.nowpick.co.kr/shop/view.php?index_no=792,http://branch1.nowpick.co.kr/data/goods/792/thumb-8801111186087_0_235x235.jpg,쿠크다스비엔나커피20개입(144g),"3,000원"
69,쿠키/크래커,http://branch1.nowpick.co.kr/shop/view.php?index_no=791,http://branch1.nowpick.co.kr/data/goods/791/thumb-8801111186070_0_235x235.jpg,쿠크다스비엔나커피9개입(72g),"1,500원"
70,쿠키/크래커,http://branch1.nowpick.co.kr/shop/view.php?index_no=682,http://branch1.nowpick.co.kr/data/goods/682/thumb-8801062012749_0_235x235.jpg,빼빼로초코쿠키37g,"1,500원"
71,쿠키/크래커,http://branch1.nowpick.co.kr/shop/view.php?index_no=679,http://branch1.nowpick.co.kr/data/goods/679/thumb-8801062012725_0_235x235.jpg,빼빼로아몬드37g,"1,500원"
72,쿠키/크래커,http://branch1.nowpick.co.kr/shop/view.php?index_no=678,http://branch1.nowpick.co.kr/data/goods/678/thumb-8801062012701_0_235x235.jpg,빼빼로오리지날54g,"1,500원"
73,쿠키/크래커,http://branch1.nowpick.co.kr/shop/view.php?index_no=677,http://branch1.nowpick.co.kr/data/goods/677/thumb-8801062634415_0_235x235.jpg,빈츠102g,"2,400원"
74,쿠키/크래커,http://branch1.nowpick.co.kr/shop/view.php?index_no=668,http://branch1.nowpick.co.kr/data/goods/668/thumb-8801062521968_0_235x235.jpg,칙촉오리지널90g,"2,400원"
75,쿠키/크래커,http://branch1.nowpick.co.kr/shop/view.php?index_no=667,http://branch1.nowpick.co.kr/data/goods/667/thumb-8801062521906_0_235x235.jpg,제크오리지날100g,"1,500원"
76,쿠키/크래커,http://branch1.nowpick.co.kr/shop/view.php?index_no=666,http://branch1.nowpick.co.kr/data/goods/666/thumb-8801062521876_0_235x235.jpg,빠다코코낫100g,"1,500원"
77,쿠키/크래커,http://branch1.nowpick.co.kr/shop/view.php?index_no=665,http://branch1.nowpick.co.kr/data/goods/665/thumb-8801062521487_0_235x235.jpg,롯데샌드깜뜨105g,"1,500원"
78,쿠키/크래커,http://branch1.nowpick.co.kr/shop/view.php?index_no=664,http://branch1.nowpick.co.kr/data/goods/664/thumb-8801062521449_0_235x235.jpg,롯데샌드파인애플105g,"1,500원"
79,쿠키/크래커,http://branch1.nowpick.co.kr/shop/view.php?index_no=630,http://branch1.nowpick.co.kr/data/goods/630/thumb-8801062248773_0_235x235.jpg,애플쿠키230g,"3,600원"
80,쿠키/크래커,http://branch1.nowpick.co.kr/shop/view.php?index_no=346,http://branch1.nowpick.co.kr/data/goods/346/thumb-8801019311574_0_235x235.jpg,롤리폴리초코62g,"1,500원"
81,쿠키/크래커,http://branch1.nowpick.co.kr/shop/view.php?index_no=344,http://branch1.nowpick.co.kr/data/goods/344/thumb-8801019309571_0_235x235.jpg,버터링86g,"1,500원"
82,쿠키/크래커,http://branch1.nowpick.co.kr/shop/view.php?index_no=343,http://branch1.nowpick.co.kr/data/goods/343/thumb-8801019308611_0_235x235.jpg,초코틴틴76g,"1,800원"
83,쿠키/크래커,http://branch1.nowpick.co.kr/shop/view.php?index_no=342,http://branch1.nowpick.co.kr/data/goods/342/thumb-8801019313325_0_235x235.jpg,크림웨하스오리지널50g,900원
84,쿠키/크래커,http://branch1.nowpick.co.kr/shop/view.php?index_no=341,http://branch1.nowpick.co.kr/data/goods/341/thumb-8801019306396_0_235x235.jpg,칼로리바란스치즈76g,"1,700원"
85,쿠키/크래커,http://branch1.nowpick.co.kr/shop/view.php?index_no=246,http://branch1.nowpick.co.kr/data/goods/246/thumb-8000350003043_0_235x235.jpg,알라크레마패스츄리25g,800원
86,쿠키/크래커,http://branch1.nowpick.co.kr/shop/view.php?index_no=128,http://branch1.nowpick.co.kr/data/goods/128/thumb-4543112881205_0_235x235.jpg,크레용신짱초코비20g,"2,500원"
87,쿠키/크래커,http://branch1.nowpick.co.kr/shop/view.php?index_no=59,http://branch1.nowpick.co.kr/data/goods/59/thumb-0141000423038_0_235x235.jpg,밀라노다크쵸콜릿21g,900원
88,쿠키/크래커,http://branch1.nowpick.co.kr/shop/view.php?index_no=2481,http://branch1.nowpick.co.kr/data/goods/2481/thumb-VEClBkxQpZvQl5jNDwzsLyUdySE3Na_235x235.jpg,한입초콜릿다쿠아즈20g,품절
89,쿠키/크래커,http://branch1.nowpick.co.kr/shop/view.php?index_no=2480,http://branch1.nowpick.co.kr/data/goods/2480/thumb-ScRS4KpHtQ11h8EzGPZ2zZFLKY1EX3_235x235.jpg,한입소금캬라멜다쿠아즈20g,품절
90,쿠키/크래커,http://branch1.nowpick.co.kr/shop/view.php?index_no=788,http://branch1.nowpick.co.kr/data/goods/788/thumb-8801111113205_0_235x235.jpg,버터와플135g,품절
1,파이/케이크,http://branch1.nowpick.co.kr/shop/view.php?index_no=7879,http://branch1.nowpick.co.kr/data/goods/7879/thumb-ADhpMa442PDFKRYa2cmAJTN1uYNT6d_235x235.jpg,오예스미니12개입(192g),"3,600원"
2,파이/케이크,http://branch1.nowpick.co.kr/shop/view.php?index_no=7816,http://branch1.nowpick.co.kr/data/goods/7816/thumb-h49tCqwZ9brhzRePjxf1xmHaTsU9P2_235x235.jpg,생크림파이베리&베리12개입(264g),"4,800원"
3,파이/케이크,http://branch1.nowpick.co.kr/shop/view.php?index_no=7753,http://branch1.nowpick.co.kr/data/goods/7753/thumb-3tgnZGnGHzbZC3ENrqB1vVFavd8n19_235x235.jpg,후레쉬베리애플&망고8개입(224g),"4,200원"
4,파이/케이크,http://branch1.nowpick.co.kr/shop/view.php?index_no=7671,http://branch1.nowpick.co.kr/data/goods/7671/thumb-Ft6k5meaFJgZTht91GmsFlN8YLz1Vr_235x235.jpg,초코파이피스타치오&베리12개입(444g),"6,000원"
5,파이/케이크,http://branch1.nowpick.co.kr/shop/view.php?index_no=7620,http://branch1.nowpick.co.kr/data/goods/7620/thumb-yZLF5GRQjpMtKHXNyrmdE6JgGlpfw3_235x235.jpg,카스타드스트로베리10개입(220g),"5,000원"
6,파이/케이크,http://branch1.nowpick.co.kr/shop/view.php?index_no=7584,http://branch1.nowpick.co.kr/data/goods/7584/thumb-39081_2uaCdN9N81Xqg8QF9MynmUWdK2PSJA_235x235.jpg,[임박SALE!]오예스딸기요거트12개입(360g),"6,000원"
7,파이/케이크,http://branch1.nowpick.co.kr/shop/view.php?index_no=7583,http://branch1.nowpick.co.kr/data/goods/7583/thumb-F67ltCt8JyXrd5A8QnkqY19kfNP7Qp_235x235.jpg,초코파이스트로베리&치즈12개입(336g),"4,800원"
8,파이/케이크,http://branch1.nowpick.co.kr/shop/view.php?index_no=7574,http://branch1.nowpick.co.kr/data/goods/7574/thumb-2uaCdN9N81Xqg8QF9MynmUWdK2PSJA_235x235.jpg,오예스딸기요거트12개입(360g),"6,000원"
9,파이/케이크,http://branch1.nowpick.co.kr/shop/view.php?index_no=3628,http://branch1.nowpick.co.kr/data/goods/3628/thumb-7L17kRYT5wtHeEpAdSabDJGguW7wjr_235x235.jpg,[임박SALE!]생크림파이무화과&베리12개입(264g),"5,500원"
10,파이/케이크,http://branch1.nowpick.co.kr/shop/view.php?index_no=2512,http://branch1.nowpick.co.kr/data/goods/2512/thumb-uMmdktWfsWGqyFyfFzu99RCHeuha7v_235x235.jpg,한입커스타드병케이크40g,"2,800원"
11,파이/케이크,http://branch1.nowpick.co.kr/shop/view.php?index_no=2475,http://branch1.nowpick.co.kr/data/goods/2475/thumb-eQ2Xt6NPf92T6ZtsSWhDLkncjv2JA7_235x235.jpg,한입뉴욕치즈병케이크40g,"2,800원"
12,파이/케이크,http://branch1.nowpick.co.kr/shop/view.php?index_no=2474,http://branch1.nowpick.co.kr/data/goods/2474/thumb-S9npCXAfGZsk1XcPfw1PxGP1fWLNJ7_235x235.jpg,한입티라미수병케이크40g,"2,800원"
13,파이/케이크,http://branch1.nowpick.co.kr/shop/view.php?index_no=2473,http://branch1.nowpick.co.kr/data/goods/2473/thumb-KrM1PEk1Hb6cPy6kR9TPeRqaw8p1uE_235x235.jpg,한입초코티라미수병케이크40g,"2,800원"
14,파이/케이크,http://branch1.nowpick.co.kr/shop/view.php?index_no=2103,http://branch1.nowpick.co.kr/data/goods/2103/thumb-8801117250003_0_235x235.jpg,마켓오리얼브라우니4개입(96g),"3,000원"
15,파이/케이크,http://branch1.nowpick.co.kr/shop/view.php?index_no=2038,http://branch1.nowpick.co.kr/data/goods/2038/thumb-8801019313226_0_235x235.jpg,오예스12개입(360g),"6,000원"
16,파이/케이크,http://branch1.nowpick.co.kr/shop/view.php?index_no=1725,http://branch1.nowpick.co.kr/data/goods/1725/thumb-8801062644032_0_235x235.jpg,찰떡파이초코6개입(225g),"3,600원"
17,파이/케이크,http://branch1.nowpick.co.kr/shop/view.php?index_no=1416,http://branch1.nowpick.co.kr/data/goods/1416/thumb-8801062009572_0_235x235.jpg,마가렛트8개입(176g),"3,000원"
18,파이/케이크,http://branch1.nowpick.co.kr/shop/view.php?index_no=859,http://branch1.nowpick.co.kr/data/goods/859/thumb-8801117549916_0_235x235.jpg,오뜨쇼콜라6개입(150g),"3,000원"
19,파이/케이크,http://branch1.nowpick.co.kr/shop/view.php?index_no=858,http://branch1.nowpick.co.kr/data/goods/858/thumb-8801117548513_0_235x235.jpg,오뜨치즈6개입(144g),"3,000원"
20,파이/케이크,http://branch1.nowpick.co.kr/shop/view.php?index_no=857,http://branch1.nowpick.co.kr/data/goods/857/thumb-q5mNCZGcN31vSX9EKzquk1Bm9STguJ_235x235.jpg,후레쉬베리6개입(150g),"3,300원"
21,파이/케이크,http://branch1.nowpick.co.kr/shop/view.php?index_no=856,http://branch1.nowpick.co.kr/data/goods/856/thumb-8801117534912_0_235x235.jpg,초코파이12개입(468g),"4,800원"
22,파이/케이크,http://branch1.nowpick.co.kr/shop/view.php?index_no=855,http://branch1.nowpick.co.kr/data/goods/855/thumb-8801117530815_0_235x235.jpg,참붕어빵6개입(174g),"4,200원"
23,파이/케이크,http://branch1.nowpick.co.kr/shop/view.php?index_no=789,http://branch1.nowpick.co.kr/data/goods/789/thumb-8801111180481_0_235x235.jpg,빅파이딸기12개입(216g),"3,200원"
24,파이/케이크,http://branch1.nowpick.co.kr/shop/view.php?index_no=663,http://branch1.nowpick.co.kr/data/goods/663/thumb-8801062521241_0_235x235.jpg,엄마손파이10개입(127g),"3,000원"
25,파이/케이크,http://branch1.nowpick.co.kr/shop/view.php?index_no=662,http://branch1.nowpick.co.kr/data/goods/662/thumb-8801062518258_0_235x235.jpg,카스타드오리지날6개입(138g),"3,000원"
26,파이/케이크,http://branch1.nowpick.co.kr/shop/view.php?index_no=632,http://branch1.nowpick.co.kr/data/goods/632/thumb-8801062273331_0_235x235.jpg,몽쉘카카오6개입(192g),"3,000원"
27,파이/케이크,http://branch1.nowpick.co.kr/shop/view.php?index_no=631,http://branch1.nowpick.co.kr/data/goods/631/thumb-8801062273294_0_235x235.jpg,몽쉘크림케이크6개입(192g),"3,000원"
28,파이/케이크,http://branch1.nowpick.co.kr/shop/view.php?index_no=347,http://branch1.nowpick.co.kr/data/goods/347/thumb-8801019311918_0_235x235.jpg,후렌치파이딸기15개입(192g),"3,800원"
29,파이/케이크,http://branch1.nowpick.co.kr/shop/view.php?index_no=249,http://branch1.nowpick.co.kr/data/goods/249/thumb-8005380855099_0_235x235.jpg,프레디다크돌체토8개입(240g),"2,900원"
30,파이/케이크,http://branch1.nowpick.co.kr/shop/view.php?index_no=248,http://branch1.nowpick.co.kr/data/goods/248/thumb-8005380030038_0_235x235.jpg,프레디돌체토스트로베리&요거트250g,"3,200원"
1,소시지/간편간식,http://branch1.nowpick.co.kr/shop/view.php?index_no=8148,http://branch1.nowpick.co.kr/data/goods/8148/thumb-SHGtTCZBL2YlhMkqSGRLQJ7SfQJQww_235x235.jpg,시루아네망고크림치즈카스테라모찌300g,"7,000원"
2,소시지/간편간식,http://branch1.nowpick.co.kr/shop/view.php?index_no=8147,http://branch1.nowpick.co.kr/data/goods/8147/thumb-aFWRQCF87y651XM3lVdvgwHy3zTJuA_235x235.jpg,시루아네흑임자카스테라모찌300g,"7,000원"
3,소시지/간편간식,http://branch1.nowpick.co.kr/shop/view.php?index_no=8146,http://branch1.nowpick.co.kr/data/goods/8146/thumb-DRmFJK7958Hw56Duae79Yf9uZHzuAF_235x235.jpg,시루아네티라미슈카스테라모찌300g,"7,000원"
4,소시지/간편간식,http://branch1.nowpick.co.kr/shop/view.php?index_no=8145,http://branch1.nowpick.co.kr/data/goods/8145/thumb-g6RA9pBhTXfr4MA68EETupwfnjuFz7_235x235.jpg,시루아네쑥앤팥카스테라모찌300g,"7,000원"
5,소시지/간편간식,http://branch1.nowpick.co.kr/shop/view.php?index_no=3740,http://branch1.nowpick.co.kr/data/goods/3740/thumb-RRZuUpwtVAGMEYEmcJRd537dBalZBy_235x235.jpg,시루아네딸기카스테라모찌300g,"7,000원"
6,소시지/간편간식,http://branch1.nowpick.co.kr/shop/view.php?index_no=3732,http://branch1.nowpick.co.kr/data/goods/3732/thumb-RHBygeJR1nad8YuP2em4SPHeCMnUyn_235x235.jpg,엘프살구&아몬드치즈125g,"5,500원"
7,소시지/간편간식,http://branch1.nowpick.co.kr/shop/view.php?index_no=2505,http://branch1.nowpick.co.kr/data/goods/2505/thumb-sGX29W6PrH5qdkSawFw1wtR8suNFnM_235x235.jpg,한입흑미굴림떡1개입(50g),"1,700원"
8,소시지/간편간식,http://branch1.nowpick.co.kr/shop/view.php?index_no=2504,http://branch1.nowpick.co.kr/data/goods/2504/thumb-3PvCu2y4GkC63eskW449L9kumQkF7L_235x235.jpg,한입구름굴림떡1개입(50g),"1,700원"
9,소시지/간편간식,http://branch1.nowpick.co.kr/shop/view.php?index_no=2483,http://branch1.nowpick.co.kr/data/goods/2483/thumb-MaBSbk8SPWE7pf2XKExBNwzKgzyRxJ_235x235.jpg,한입쑥굴림떡1개입(50g),"1,700원"
10,소시지/간편간식,http://branch1.nowpick.co.kr/shop/view.php?index_no=2482,http://branch1.nowpick.co.kr/data/goods/2482/thumb-54zkZ8xQN73NaUGKvP8kWq6lc6tSYD_235x235.jpg,한입호두한아름떡1개입(50g),"1,700원"
11,소시지/간편간식,http://branch1.nowpick.co.kr/shop/view.php?index_no=2460,http://branch1.nowpick.co.kr/data/goods/2460/thumb-gZUfNFwsZzuPX23lxq5XZvkjqD7eLt_235x235.jpg,레인보우큐브치즈8가지맛24구(80g),"8,000원"
12,소시지/간편간식,http://branch1.nowpick.co.kr/shop/view.php?index_no=2270,http://branch1.nowpick.co.kr/data/goods/2270/thumb-Y4TxSt7DzZNhnqS8C8S947tbMA4DHZ_235x235.jpg,"[임박SALE!]이케아MUNSBIT(핑크)드라이로스트캐슈넛,가염60g","4,100원"
13,소시지/간편간식,http://branch1.nowpick.co.kr/shop/view.php?index_no=2185,http://branch1.nowpick.co.kr/data/goods/2185/thumb-uWXfMn9eSGMUfBh3ugyhCavXUbfljP_235x235.jpg,달콘이옥수수220g,"2,500원"
14,소시지/간편간식,http://branch1.nowpick.co.kr/shop/view.php?index_no=2173,http://branch1.nowpick.co.kr/data/goods/2173/thumb-FdFAwc4hnlFxrrsTM3GlQlfXGjBFVP_235x235.jpg,리얼미니군고구마150g,"3,400원"
15,소시지/간편간식,http://branch1.nowpick.co.kr/shop/view.php?index_no=2137,http://branch1.nowpick.co.kr/data/goods/2137/thumb-E4cjdgssR379LSu51W25XdSlDuAcDE_235x235.jpg,리얼미니구운감자150g,"3,400원"
16,소시지/간편간식,http://branch1.nowpick.co.kr/shop/view.php?index_no=2036,http://branch1.nowpick.co.kr/data/goods/2036/thumb-8802896000780_0_235x235.jpg,호박꿀맛나100g,"1,500원"
17,소시지/간편간식,http://branch1.nowpick.co.kr/shop/view.php?index_no=2035,http://branch1.nowpick.co.kr/data/goods/2035/thumb-8809171770062_0_235x235.jpg,호박속고구마맛추억의쫀디기150g,"1,500원"
18,소시지/간편간식,http://branch1.nowpick.co.kr/shop/view.php?index_no=2026,http://branch1.nowpick.co.kr/data/goods/2026/thumb-9990049990104_0_235x235.jpg,아폴로10g,300원
19,소시지/간편간식,http://branch1.nowpick.co.kr/shop/view.php?index_no=2025,http://branch1.nowpick.co.kr/data/goods/2025/thumb-8809171770109_0_235x235.jpg,꿀호박꿀밤고구마맛쫀디기120g,"1,500원"
20,소시지/간편간식,http://branch1.nowpick.co.kr/shop/view.php?index_no=2024,http://branch1.nowpick.co.kr/data/goods/2024/thumb-8802896000025_0_235x235.jpg,월드컵맛기차콘10g,300원
21,소시지/간편간식,http://branch1.nowpick.co.kr/shop/view.php?index_no=2021,http://branch1.nowpick.co.kr/data/goods/2021/thumb-8801007499505_0_235x235.jpg,비비고김스낵허니앤콘20g,"2,400원"
22,소시지/간편간식,http://branch1.nowpick.co.kr/shop/view.php?index_no=2020,http://branch1.nowpick.co.kr/data/goods/2020/thumb-8801007499567_0_235x235.jpg,비비고김스낵핫스파이시20g,"2,400원"
23,소시지/간편간식,http://branch1.nowpick.co.kr/shop/view.php?index_no=2004,http://branch1.nowpick.co.kr/data/goods/2004/thumb-9990029990068_0_235x235.jpg,퀴스브라질너트250g,"9,900원"
24,소시지/간편간식,http://branch1.nowpick.co.kr/shop/view.php?index_no=1969,http://branch1.nowpick.co.kr/data/goods/1969/thumb-8809081260028_0_235x235.jpg,꾸이맨30g,"2,000원"
25,소시지/간편간식,http://branch1.nowpick.co.kr/shop/view.php?index_no=1968,http://branch1.nowpick.co.kr/data/goods/1968/thumb-X56MJ19HBVZ45uLjfkcHvWFJGrwn7Y_235x235.jpg,시루아네초코카스테라모찌300g,"7,000원"
26,소시지/간편간식,http://branch1.nowpick.co.kr/shop/view.php?index_no=1967,http://branch1.nowpick.co.kr/data/goods/1967/thumb-JNs5q8p7SjFJMVzq9gRFTEjcyN9caJ_235x235.jpg,시루아네바나나초코카스테라모찌300g,"7,000원"
27,소시지/간편간식,http://branch1.nowpick.co.kr/shop/view.php?index_no=1966,http://branch1.nowpick.co.kr/data/goods/1966/thumb-9990049990101_0_235x235.jpg,시루아네밀양부편1개입(60g),"1,300원"
28,소시지/간편간식,http://branch1.nowpick.co.kr/shop/view.php?index_no=1939,http://branch1.nowpick.co.kr/data/goods/1939/thumb-8809439640045_0_235x235.jpg,미듬애부각전통맛40g,"3,500원"
29,소시지/간편간식,http://branch1.nowpick.co.kr/shop/view.php?index_no=1937,http://branch1.nowpick.co.kr/data/goods/1937/thumb-9990049990100_0_235x235.jpg,시루아네오메기떡1개입(60g),"1,500원"
30,소시지/간편간식,http://branch1.nowpick.co.kr/shop/view.php?index_no=1936,http://branch1.nowpick.co.kr/data/goods/1936/thumb-9990049990099_0_235x235.jpg,시루아네찹쌀떡1개입(60g),"1,200원"
31,소시지/간편간식,http://branch1.nowpick.co.kr/shop/view.php?index_no=1935,http://branch1.nowpick.co.kr/data/goods/1935/thumb-9990049990098_0_235x235.jpg,시루아네치즈녹두찰떡1개입(60g),"1,500원"
32,소시지/간편간식,http://branch1.nowpick.co.kr/shop/view.php?index_no=1910,http://branch1.nowpick.co.kr/data/goods/1910/thumb-8801062008896_0_235x235.jpg,곤약애빠지다청포도맛130g,"2,000원"
33,소시지/간편간식,http://branch1.nowpick.co.kr/shop/view.php?index_no=1909,http://branch1.nowpick.co.kr/data/goods/1909/thumb-8801062008872_0_235x235.jpg,곤약애빠지다복숭아맛130g,"2,000원"
34,소시지/간편간식,http://branch1.nowpick.co.kr/shop/view.php?index_no=1846,http://branch1.nowpick.co.kr/data/goods/1846/thumb-8801005013116_0_235x235.jpg,질러부드러운육포30g,"4,000원"
35,소시지/간편간식,http://branch1.nowpick.co.kr/shop/view.php?index_no=1845,http://branch1.nowpick.co.kr/data/goods/1845/thumb-8801005013185_0_235x235.jpg,질러순수육포30g,"3,800원"
36,소시지/간편간식,http://branch1.nowpick.co.kr/shop/view.php?index_no=1844,http://branch1.nowpick.co.kr/data/goods/1844/thumb-8801005013215_0_235x235.jpg,질러크레이지핫육포30g,"4,000원"
37,소시지/간편간식,http://branch1.nowpick.co.kr/shop/view.php?index_no=1838,http://branch1.nowpick.co.kr/data/goods/1838/thumb-8809537240055_0_235x235.jpg,김부각오리지널15g,"1,900원"
38,소시지/간편간식,http://branch1.nowpick.co.kr/shop/view.php?index_no=1818,http://branch1.nowpick.co.kr/data/goods/1818/thumb-8801037092332_0_235x235.jpg,콘푸라이트밀크바27g,"1,200원"
39,소시지/간편간식,http://branch1.nowpick.co.kr/shop/view.php?index_no=1816,http://branch1.nowpick.co.kr/data/goods/1816/thumb-8801037093049_0_235x235.jpg,골든그래놀라밀크바27g,"1,200원"
40,소시지/간편간식,http://branch1.nowpick.co.kr/shop/view.php?index_no=1733,http://branch1.nowpick.co.kr/data/goods/1733/thumb-9990049990092_0_235x235.jpg,시루아네콩쑥개떡1개입(60g),"1,200원"
41,소시지/간편간식,http://branch1.nowpick.co.kr/shop/view.php?index_no=1686,http://branch1.nowpick.co.kr/data/goods/1686/thumb-8801019008375_0_235x235.jpg,곤약이탱글해배맛130g,"1,500원"
42,소시지/간편간식,http://branch1.nowpick.co.kr/shop/view.php?index_no=1654,http://branch1.nowpick.co.kr/data/goods/1654/thumb-9990049990088_0_235x235.jpg,시루아네옥수수떡1개입(60g),"1,400원"
43,소시지/간편간식,http://branch1.nowpick.co.kr/shop/view.php?index_no=1623,http://branch1.nowpick.co.kr/data/goods/1623/thumb-sVG5ZgJnKuFH1pKHhDHEkw1Hne8pNm_235x235.jpg,프레지던트쁘띠브리치즈125g,"5,500원"
44,소시지/간편간식,http://branch1.nowpick.co.kr/shop/view.php?index_no=1622,http://branch1.nowpick.co.kr/data/goods/1622/thumb-uNgpbSuanvxZKt1UkzEbnCpLnjRKmt_235x235.jpg,프레지던트쁘띠까망베르치즈125g,"5,500원"
45,소시지/간편간식,http://branch1.nowpick.co.kr/shop/view.php?index_no=1610,http://branch1.nowpick.co.kr/data/goods/1610/thumb-nqF48ccmyAuV3T1jkabvqmXpp5CjEW_235x235.jpg,빼띠가염버터20개입(200g),"12,000원"
46,소시지/간편간식,http://branch1.nowpick.co.kr/shop/view.php?index_no=1548,http://branch1.nowpick.co.kr/data/goods/1548/thumb-8801074003490_0_235x235.jpg,몬스터크랩142g,"3,400원"
47,소시지/간편간식,http://branch1.nowpick.co.kr/shop/view.php?index_no=1454,http://branch1.nowpick.co.kr/data/goods/1454/thumb-1302371760002_0_235x235.jpg,이케아양파튀김100g,"2,900원"
48,소시지/간편간식,http://branch1.nowpick.co.kr/shop/view.php?index_no=1393,http://branch1.nowpick.co.kr/data/goods/1393/thumb-7804630010001_0_235x235.jpg,이케아티카칩스파타고니아35g,"4,100원"
49,소시지/간편간식,http://branch1.nowpick.co.kr/shop/view.php?index_no=1390,http://branch1.nowpick.co.kr/data/goods/1390/thumb-1103405460000_0_235x235.jpg,이케아MUNSBIT(그린)드라이로스트너트/베리/건포도60g,"4,100원"
50,소시지/간편간식,http://branch1.nowpick.co.kr/shop/view.php?index_no=1389,http://branch1.nowpick.co.kr/data/goods/1389/thumb-1903405470005_0_235x235.jpg,이케아MUNSBIT(옐로)천연너트/베리/건포도60g,"4,100원"
51,소시지/간편간식,http://branch1.nowpick.co.kr/shop/view.php?index_no=1315,http://branch1.nowpick.co.kr/data/goods/1315/thumb-8801007539010_0_235x235.jpg,고메핫도그크리스피6개입(480g),"8,600원"
52,소시지/간편간식,http://branch1.nowpick.co.kr/shop/view.php?index_no=1302,http://branch1.nowpick.co.kr/data/goods/1302/thumb-J6yUtZQGnMTk9GceCNbnjF5Ftp432S_235x235.jpg,빼띠무염버터20개입(200g),"12,000원"
53,소시지/간편간식,http://branch1.nowpick.co.kr/shop/view.php?index_no=1239,http://branch1.nowpick.co.kr/data/goods/1239/thumb-9300650432185_0_235x235.jpg,필라델피아크림치즈플레인200g,"6,300원"
54,소시지/간편간식,http://branch1.nowpick.co.kr/shop/view.php?index_no=1141,http://branch1.nowpick.co.kr/data/goods/1141/thumb-8809240930113_0_235x235.jpg,페스티벌솜사탕12g,"1,000원"
55,소시지/간편간식,http://branch1.nowpick.co.kr/shop/view.php?index_no=1125,http://branch1.nowpick.co.kr/data/goods/1125/thumb-8809161047204_0_235x235.jpg,궁쇠고기육포60g,"6,300원"
56,소시지/간편간식,http://branch1.nowpick.co.kr/shop/view.php?index_no=1104,http://branch1.nowpick.co.kr/data/goods/1104/thumb-8809069309473_0_235x235.jpg,Dole후룻n넛츠블랙라벨20g,"1,500원"
57,소시지/간편간식,http://branch1.nowpick.co.kr/shop/view.php?index_no=1033,http://branch1.nowpick.co.kr/data/goods/1033/thumb-8806012302161_0_235x235.jpg,고려은단비타민C1000120정(130g),"12,500원"
58,소시지/간편간식,http://branch1.nowpick.co.kr/shop/view.php?index_no=986,http://branch1.nowpick.co.kr/data/goods/986/thumb-8803622001071_0_235x235.jpg,숏다리20g,"2,200원"
59,소시지/간편간식,http://branch1.nowpick.co.kr/shop/view.php?index_no=981,http://branch1.nowpick.co.kr/data/goods/981/thumb-8802896002777_0_235x235.jpg,빼빼포24g,"1,400원"
60,소시지/간편간식,http://branch1.nowpick.co.kr/shop/view.php?index_no=852,http://branch1.nowpick.co.kr/data/goods/852/thumb-8801117431907_0_235x235.jpg,닥터유에너지바40g,"1,200원"
61,소시지/간편간식,http://branch1.nowpick.co.kr/shop/view.php?index_no=718,http://branch1.nowpick.co.kr/data/goods/718/thumb-8801077285800_0_235x235.jpg,천하장사50g,"1,500원"
62,소시지/간편간식,http://branch1.nowpick.co.kr/shop/view.php?index_no=717,http://branch1.nowpick.co.kr/data/goods/717/thumb-8801077271001_0_235x235.jpg,천하장사15g,300원
63,소시지/간편간식,http://branch1.nowpick.co.kr/shop/view.php?index_no=690,http://branch1.nowpick.co.kr/data/goods/690/thumb-8801068026603_0_235x235.jpg,우리쌀미니약과70g,800원
64,소시지/간편간식,http://branch1.nowpick.co.kr/shop/view.php?index_no=595,http://branch1.nowpick.co.kr/data/goods/595/thumb-8801052016283_0_235x235.jpg,청정원군고구마츄60g,"4,100원"
65,소시지/간편간식,http://branch1.nowpick.co.kr/shop/view.php?index_no=594,http://branch1.nowpick.co.kr/data/goods/594/thumb-8801052004068_0_235x235.jpg,청정원고구마츄60g,"3,500원"
66,소시지/간편간식,http://branch1.nowpick.co.kr/shop/view.php?index_no=273,http://branch1.nowpick.co.kr/data/goods/273/thumb-8801007022635_0_235x235.jpg,맛밤80g,"3,500원"
67,소시지/간편간식,http://branch1.nowpick.co.kr/shop/view.php?index_no=272,http://branch1.nowpick.co.kr/data/goods/272/thumb-8801007019017_0_235x235.jpg,쁘띠첼요거젤리복숭아250g,"3,100원"
68,소시지/간편간식,http://branch1.nowpick.co.kr/shop/view.php?index_no=271,http://branch1.nowpick.co.kr/data/goods/271/thumb-8801007010502_0_235x235.jpg,쁘띠첼요거젤리화이트코코250g,"3,100원"
69,소시지/간편간식,http://branch1.nowpick.co.kr/shop/view.php?index_no=270,http://branch1.nowpick.co.kr/data/goods/270/thumb-PyGveYc3Aeztw9GrKbrc9NzejFdCgv_235x235.jpg,쁘띠첼요거젤리딸기250g,"3,100원"
70,소시지/간편간식,http://branch1.nowpick.co.kr/shop/view.php?index_no=104,http://branch1.nowpick.co.kr/data/goods/104/thumb-yqaTUXgSUMP4BruxndYzP7md5uCH5r_235x235.jpg,벨큐브플레인치즈15개입(78g),"6,000원"
71,소시지/간편간식,http://branch1.nowpick.co.kr/shop/view.php?index_no=61,http://branch1.nowpick.co.kr/data/goods/61/thumb-hVYfsmNfYnberxQcncFtRV8HEm21wv_235x235.jpg,액트투팝콘전자렌지용78g,"1,600원"
72,소시지/간편간식,http://branch1.nowpick.co.kr/shop/view.php?index_no=60,http://branch1.nowpick.co.kr/data/goods/60/thumb-8lZtN7QUUjndYFWwvlMcCxaV8NSXFH_235x235.jpg,골든오차드트레일믹스25g,"1,400원"
73,소시지/간편간식,http://branch1.nowpick.co.kr/shop/view.php?index_no=56,http://branch1.nowpick.co.kr/data/goods/56/thumb-0041716016671_0_235x235.jpg,프리고스트링치즈1개입(28g),700원
74,소시지/간편간식,http://branch1.nowpick.co.kr/shop/view.php?index_no=52,http://branch1.nowpick.co.kr/data/goods/52/thumb-8806102872130_0_235x235.jpg,레모나산10포(20g),"4,000원"
75,소시지/간편간식,http://branch1.nowpick.co.kr/shop/view.php?index_no=51,http://branch1.nowpick.co.kr/data/goods/51/thumb-8806102872819_0_235x235.jpg,레모나헬씨정12정(32g),"4,000원"
76,소시지/간편간식,http://branch1.nowpick.co.kr/shop/view.php?index_no=2564,http://branch1.nowpick.co.kr/data/goods/2564/thumb-zbSA1dx23dLXuw4fj928JvqXlFz2RX_235x235.jpg,한입쑥한아름떡1개입(50g),품절
77,소시지/간편간식,http://branch1.nowpick.co.kr/shop/view.php?index_no=2484,http://branch1.nowpick.co.kr/data/goods/2484/thumb-n1UjGGSVfKAQRxbMjvNJS2VxN55jJn_235x235.jpg,한입검은콩한아름떡1개입(50g),품절
78,소시지/간편간식,http://branch1.nowpick.co.kr/shop/view.php?index_no=2431,http://branch1.nowpick.co.kr/data/goods/2431/thumb-RvzqRYCTwbH4LeAdeBwuhuhydecH1p_235x235.jpg,시루아네우유카스테라모찌300g,품절
79,소시지/간편간식,http://branch1.nowpick.co.kr/shop/view.php?index_no=1391,http://branch1.nowpick.co.kr/data/goods/1391/thumb-1603405440007_0_235x235.jpg,"이케아MUNSBIT(블루)드라이로스트아몬드,가염60g",품절
80,소시지/간편간식,http://branch1.nowpick.co.kr/shop/view.php?index_no=1388,http://branch1.nowpick.co.kr/data/goods/1388/thumb-1303405450005_0_235x235.jpg,"이케아MUNSBIT(핑크)드라이로스트캐슈넛,가염60g",품절
1,시리얼/뻥튀기,http://branch1.nowpick.co.kr/shop/view.php?index_no=2458,http://branch1.nowpick.co.kr/data/goods/2458/thumb-lu2ZEqphsfTLteVd9PA1V34gnPN1N1_235x235.jpg,현미시리얼브라운라이스소울자색고구마35g,"2,200원"
2,시리얼/뻥튀기,http://branch1.nowpick.co.kr/shop/view.php?index_no=2457,http://branch1.nowpick.co.kr/data/goods/2457/thumb-DEckUMs7bVYZtW1npVsZuA5FQ3Rmjl_235x235.jpg,현미시리얼브라운라이스소울바나나35g,"2,200원"
3,시리얼/뻥튀기,http://branch1.nowpick.co.kr/shop/view.php?index_no=2456,http://branch1.nowpick.co.kr/data/goods/2456/thumb-lXcytrhTtlXPeTNQlbf63dcqVQD7kp_235x235.jpg,현미시리얼브라운라이스소울코코넛35g,"2,200원"
4,시리얼/뻥튀기,http://branch1.nowpick.co.kr/shop/view.php?index_no=2455,http://branch1.nowpick.co.kr/data/goods/2455/thumb-8zYvwZLkm2vaYcHgsLsL3v9hrsXvWA_235x235.jpg,현미시리얼브라운라이스소울단호박35g,"2,200원"
5,시리얼/뻥튀기,http://branch1.nowpick.co.kr/shop/view.php?index_no=1818,http://branch1.nowpick.co.kr/data/goods/1818/thumb-8801037092332_0_235x235.jpg,콘푸라이트밀크바27g,"1,200원"
6,시리얼/뻥튀기,http://branch1.nowpick.co.kr/shop/view.php?index_no=1816,http://branch1.nowpick.co.kr/data/goods/1816/thumb-8801037093049_0_235x235.jpg,골든그래놀라밀크바27g,"1,200원"
7,시리얼/뻥튀기,http://branch1.nowpick.co.kr/shop/view.php?index_no=1524,http://branch1.nowpick.co.kr/data/goods/1524/thumb-8809195910017_0_235x235.jpg,누룽지뻥튀기70g,"1,100원"
8,시리얼/뻥튀기,http://branch1.nowpick.co.kr/shop/view.php?index_no=1392,http://branch1.nowpick.co.kr/data/goods/1392/thumb-1402978910005_0_235x235.jpg,이케아뮤즐리위드드라이드베리즈500g,"12,800원"
9,시리얼/뻥튀기,http://branch1.nowpick.co.kr/shop/view.php?index_no=1329,http://branch1.nowpick.co.kr/data/goods/1329/thumb-8801083333304_0_235x235.jpg,켈로그콘푸로스트(컵)30g,"1,800원"
10,시리얼/뻥튀기,http://branch1.nowpick.co.kr/shop/view.php?index_no=1328,http://branch1.nowpick.co.kr/data/goods/1328/thumb-8801083323305_0_235x235.jpg,켈로그첵스초코(컵)30g,"1,800원"
11,시리얼/뻥튀기,http://branch1.nowpick.co.kr/shop/view.php?index_no=1089,http://branch1.nowpick.co.kr/data/goods/1089/thumb-8809039720024_0_235x235.jpg,강냉이90g,"1,200원"
12,시리얼/뻥튀기,http://branch1.nowpick.co.kr/shop/view.php?index_no=914,http://branch1.nowpick.co.kr/data/goods/914/thumb-8801204401042_0_235x235.jpg,밥풀과자100g,"1,500원"
13,시리얼/뻥튀기,http://branch1.nowpick.co.kr/shop/view.php?index_no=722,http://branch1.nowpick.co.kr/data/goods/722/thumb-8801083322704_0_235x235.jpg,켈로그스페셜K오리지날270g,"5,400원"
14,시리얼/뻥튀기,http://branch1.nowpick.co.kr/shop/view.php?index_no=721,http://branch1.nowpick.co.kr/data/goods/721/thumb-8801083253404_0_235x235.jpg,켈로그첵스초코340g,"6,000원"
15,시리얼/뻥튀기,http://branch1.nowpick.co.kr/shop/view.php?index_no=720,http://branch1.nowpick.co.kr/data/goods/720/thumb-8801083373003_0_235x235.jpg,켈로그콘푸로스트300g,"3,800원"
16,시리얼/뻥튀기,http://branch1.nowpick.co.kr/shop/view.php?index_no=719,http://branch1.nowpick.co.kr/data/goods/719/thumb-8801083293004_0_235x235.jpg,켈로그아몬드푸레이크300g,"5,500원"
17,시리얼/뻥튀기,http://branch1.nowpick.co.kr/shop/view.php?index_no=397,http://branch1.nowpick.co.kr/data/goods/397/thumb-8801037065619_0_235x235.jpg,오레오오즈250g,"5,900원"
18,시리얼/뻥튀기,http://branch1.nowpick.co.kr/shop/view.php?index_no=383,http://branch1.nowpick.co.kr/data/goods/383/thumb-8801037012682_0_235x235.jpg,콘푸라이트300g,"4,300원"
19,시리얼/뻥튀기,http://branch1.nowpick.co.kr/shop/view.php?index_no=380,http://branch1.nowpick.co.kr/data/goods/380/thumb-8801037002782_0_235x235.jpg,오곡코코볼300g,"4,400원"
1,떡/베이커리/잼,http://branch1.nowpick.co.kr/shop/view.php?index_no=8157,http://branch1.nowpick.co.kr/data/goods/8157/thumb-KQSL6TRtgwYKFZCqjwyhcCq4NsLBjM_235x235.jpg,소떡소떡135g,"1,900원"
2,떡/베이커리/잼,http://branch1.nowpick.co.kr/shop/view.php?index_no=8148,http://branch1.nowpick.co.kr/data/goods/8148/thumb-SHGtTCZBL2YlhMkqSGRLQJ7SfQJQww_235x235.jpg,시루아네망고크림치즈카스테라모찌300g,"7,000원"
3,떡/베이커리/잼,http://branch1.nowpick.co.kr/shop/view.php?index_no=8147,http://branch1.nowpick.co.kr/data/goods/8147/thumb-aFWRQCF87y651XM3lVdvgwHy3zTJuA_235x235.jpg,시루아네흑임자카스테라모찌300g,"7,000원"
4,떡/베이커리/잼,http://branch1.nowpick.co.kr/shop/view.php?index_no=8146,http://branch1.nowpick.co.kr/data/goods/8146/thumb-DRmFJK7958Hw56Duae79Yf9uZHzuAF_235x235.jpg,시루아네티라미슈카스테라모찌300g,"7,000원"
5,떡/베이커리/잼,http://branch1.nowpick.co.kr/shop/view.php?index_no=8145,http://branch1.nowpick.co.kr/data/goods/8145/thumb-g6RA9pBhTXfr4MA68EETupwfnjuFz7_235x235.jpg,시루아네쑥앤팥카스테라모찌300g,"7,000원"
6,떡/베이커리/잼,http://branch1.nowpick.co.kr/shop/view.php?index_no=7909,http://branch1.nowpick.co.kr/data/goods/7909/thumb-XDVcKZ8Xx7qdEVHlFpjQxaMPPTVxDk_235x235.jpg,빅허니버터브레드190g,"2,500원"
7,떡/베이커리/잼,http://branch1.nowpick.co.kr/shop/view.php?index_no=7908,http://branch1.nowpick.co.kr/data/goods/7908/thumb-vFB6Zafsv6VaMPatMy5s2XP5EcvVqd_235x235.jpg,크림치즈프레즐100g,"2,400원"
8,떡/베이커리/잼,http://branch1.nowpick.co.kr/shop/view.php?index_no=3740,http://branch1.nowpick.co.kr/data/goods/3740/thumb-RRZuUpwtVAGMEYEmcJRd537dBalZBy_235x235.jpg,시루아네딸기카스테라모찌300g,"7,000원"
9,떡/베이커리/잼,http://branch1.nowpick.co.kr/shop/view.php?index_no=3692,http://branch1.nowpick.co.kr/data/goods/3692/thumb-xB37uQTbqQ3hXfzvPgdGMJgkxq1h7q_235x235.jpg,[임박SALE!]발라즈민트초코칩스프레드260g,"9,900원"
10,떡/베이커리/잼,http://branch1.nowpick.co.kr/shop/view.php?index_no=2512,http://branch1.nowpick.co.kr/data/goods/2512/thumb-uMmdktWfsWGqyFyfFzu99RCHeuha7v_235x235.jpg,한입커스타드병케이크40g,"2,800원"
11,떡/베이커리/잼,http://branch1.nowpick.co.kr/shop/view.php?index_no=2508,http://branch1.nowpick.co.kr/data/goods/2508/thumb-32VAexPABZm5jcHY4ApZTTNazx8UX6_235x235.jpg,한입호두캬라멜다쿠아즈20g,"1,900원"
12,떡/베이커리/잼,http://branch1.nowpick.co.kr/shop/view.php?index_no=2507,http://branch1.nowpick.co.kr/data/goods/2507/thumb-F1zPNVlN5Y2PbgvqXExFXTNJPV6dky_235x235.jpg,한입라즈베리다쿠아즈20g,"1,900원"
13,떡/베이커리/잼,http://branch1.nowpick.co.kr/shop/view.php?index_no=2506,http://branch1.nowpick.co.kr/data/goods/2506/thumb-lYBHAyfsBzFfeyPJuRCWYsflRyJHUn_235x235.jpg,한입레몬다쿠아즈20g,"1,900원"
14,떡/베이커리/잼,http://branch1.nowpick.co.kr/shop/view.php?index_no=2488,http://branch1.nowpick.co.kr/data/goods/2488/thumb-gdK3khAWFA1fWbULTLnFQVTHtAGHAh_235x235.jpg,잉글리쉬머핀샌드위치120g,"3,900원"
15,떡/베이커리/잼,http://branch1.nowpick.co.kr/shop/view.php?index_no=2479,http://branch1.nowpick.co.kr/data/goods/2479/thumb-2dZngwjd3qT82Ds9rHrVBBKxv3l3NF_235x235.jpg,한입바닐라다쿠아즈20g,"1,900원"
16,떡/베이커리/잼,http://branch1.nowpick.co.kr/shop/view.php?index_no=2475,http://branch1.nowpick.co.kr/data/goods/2475/thumb-eQ2Xt6NPf92T6ZtsSWhDLkncjv2JA7_235x235.jpg,한입뉴욕치즈병케이크40g,"2,800원"
17,떡/베이커리/잼,http://branch1.nowpick.co.kr/shop/view.php?index_no=2474,http://branch1.nowpick.co.kr/data/goods/2474/thumb-S9npCXAfGZsk1XcPfw1PxGP1fWLNJ7_235x235.jpg,한입티라미수병케이크40g,"2,800원"
18,떡/베이커리/잼,http://branch1.nowpick.co.kr/shop/view.php?index_no=2473,http://branch1.nowpick.co.kr/data/goods/2473/thumb-KrM1PEk1Hb6cPy6kR9TPeRqaw8p1uE_235x235.jpg,한입초코티라미수병케이크40g,"2,800원"
19,떡/베이커리/잼,http://branch1.nowpick.co.kr/shop/view.php?index_no=2339,http://branch1.nowpick.co.kr/data/goods/2339/thumb-6S1VGh6lu4EpZ7Z9tqUlk3SvpfrwHP_235x235.jpg,꿀씨앗호떡100g,"1,500원"
20,떡/베이커리/잼,http://branch1.nowpick.co.kr/shop/view.php?index_no=2285,http://branch1.nowpick.co.kr/img/noimage.gif,[임박SALE!]촉촉한카스테라95g,800원
21,떡/베이커리/잼,http://branch1.nowpick.co.kr/shop/view.php?index_no=2279,http://branch1.nowpick.co.kr/data/goods/2279/thumb-RTedWagJVM59RQLsk99GLp2bFbshta_235x235.jpg,[임박SALE!]정통크림빵70g,"1,000원"
22,떡/베이커리/잼,http://branch1.nowpick.co.kr/shop/view.php?index_no=2278,http://branch1.nowpick.co.kr/data/goods/2278/thumb-axu6xe9VtqrgnfWCgRDqHqZAkdEPJU_235x235.jpg,[임박SALE!]정통보름달85g,"1,000원"
23,떡/베이커리/잼,http://branch1.nowpick.co.kr/shop/view.php?index_no=2147,http://branch1.nowpick.co.kr/data/goods/2147/thumb-luPrPcw5ugF1w4kfltdmQK2LawrhTK_235x235.jpg,발라즈쿠키앤밀크스프레드260g,"12,000원"
24,떡/베이커리/잼,http://branch1.nowpick.co.kr/shop/view.php?index_no=2146,http://branch1.nowpick.co.kr/data/goods/2146/thumb-WzEnTttPhVKnRvctGutYUjFCBaKcnQ_235x235.jpg,발라즈민트초코칩스프레드260g,"12,000원"
25,떡/베이커리/잼,http://branch1.nowpick.co.kr/shop/view.php?index_no=2145,http://branch1.nowpick.co.kr/data/goods/2145/thumb-XSGrQ1vWlSFLSvwWA6KykjGfPWd6Ja_235x235.jpg,발라즈인절미스프레드260g,"12,000원"
26,떡/베이커리/잼,http://branch1.nowpick.co.kr/shop/view.php?index_no=2144,http://branch1.nowpick.co.kr/data/goods/2144/thumb-7M2m8utQN5S7VVeHBDyJ4hrW8X37Yw_235x235.jpg,발라즈녹차아몬드스프레드260g,"12,000원"
27,떡/베이커리/잼,http://branch1.nowpick.co.kr/shop/view.php?index_no=2135,http://branch1.nowpick.co.kr/data/goods/2135/thumb-mxQEsTbRQtNqguK6K4Zjq7lnXbRCmV_235x235.jpg,치즈머핀140g,"1,900원"
28,떡/베이커리/잼,http://branch1.nowpick.co.kr/shop/view.php?index_no=2134,http://branch1.nowpick.co.kr/data/goods/2134/thumb-9990049990120_0_235x235.jpg,초코머핀140g,"1,900원"
29,떡/베이커리/잼,http://branch1.nowpick.co.kr/shop/view.php?index_no=2133,http://branch1.nowpick.co.kr/data/goods/2133/thumb-8809071350005_0_235x235.jpg,오리지날모카번60g,"1,900원"
30,떡/베이커리/잼,http://branch1.nowpick.co.kr/shop/view.php?index_no=2132,http://branch1.nowpick.co.kr/data/goods/2132/thumb-9990049990119_0_235x235.jpg,생크림카스테라140g,"3,900원"
31,떡/베이커리/잼,http://branch1.nowpick.co.kr/shop/view.php?index_no=2091,http://branch1.nowpick.co.kr/data/goods/2091/thumb-8809338043770_0_235x235.jpg,오리지널렐리쉬핫도그160g,"2,400원"
32,떡/베이커리/잼,http://branch1.nowpick.co.kr/shop/view.php?index_no=2090,http://branch1.nowpick.co.kr/data/goods/2090/thumb-8809338043787_0_235x235.jpg,오리지널칠리치즈핫도그160g,"2,400원"
33,떡/베이커리/잼,http://branch1.nowpick.co.kr/shop/view.php?index_no=2088,http://branch1.nowpick.co.kr/data/goods/2088/thumb-8809487980117_0_235x235.jpg,치킨피도그100g,"1,800원"
34,떡/베이커리/잼,http://branch1.nowpick.co.kr/shop/view.php?index_no=1968,http://branch1.nowpick.co.kr/data/goods/1968/thumb-X56MJ19HBVZ45uLjfkcHvWFJGrwn7Y_235x235.jpg,시루아네초코카스테라모찌300g,"7,000원"
35,떡/베이커리/잼,http://branch1.nowpick.co.kr/shop/view.php?index_no=1967,http://branch1.nowpick.co.kr/data/goods/1967/thumb-JNs5q8p7SjFJMVzq9gRFTEjcyN9caJ_235x235.jpg,시루아네바나나초코카스테라모찌300g,"7,000원"
36,떡/베이커리/잼,http://branch1.nowpick.co.kr/shop/view.php?index_no=1966,http://branch1.nowpick.co.kr/data/goods/1966/thumb-9990049990101_0_235x235.jpg,시루아네밀양부편1개입(60g),"1,300원"
37,떡/베이커리/잼,http://branch1.nowpick.co.kr/shop/view.php?index_no=1937,http://branch1.nowpick.co.kr/data/goods/1937/thumb-9990049990100_0_235x235.jpg,시루아네오메기떡1개입(60g),"1,500원"
38,떡/베이커리/잼,http://branch1.nowpick.co.kr/shop/view.php?index_no=1936,http://branch1.nowpick.co.kr/data/goods/1936/thumb-9990049990099_0_235x235.jpg,시루아네찹쌀떡1개입(60g),"1,200원"
39,떡/베이커리/잼,http://branch1.nowpick.co.kr/shop/view.php?index_no=1935,http://branch1.nowpick.co.kr/data/goods/1935/thumb-9990049990098_0_235x235.jpg,시루아네치즈녹두찰떡1개입(60g),"1,500원"
40,떡/베이커리/잼,http://branch1.nowpick.co.kr/shop/view.php?index_no=1851,http://branch1.nowpick.co.kr/data/goods/1851/thumb-8805999094038_0_235x235.jpg,복음자리딸기잼460g,"5,200원"
41,떡/베이커리/잼,http://branch1.nowpick.co.kr/shop/view.php?index_no=1733,http://branch1.nowpick.co.kr/data/goods/1733/thumb-9990049990092_0_235x235.jpg,시루아네콩쑥개떡1개입(60g),"1,200원"
42,떡/베이커리/잼,http://branch1.nowpick.co.kr/shop/view.php?index_no=1654,http://branch1.nowpick.co.kr/data/goods/1654/thumb-9990049990088_0_235x235.jpg,시루아네옥수수떡1개입(60g),"1,400원"
43,떡/베이커리/잼,http://branch1.nowpick.co.kr/shop/view.php?index_no=1649,http://branch1.nowpick.co.kr/data/goods/1649/thumb-9990049990087_0_235x235.jpg,시루아네딸기다쿠아즈28g,"2,000원"
44,떡/베이커리/잼,http://branch1.nowpick.co.kr/shop/view.php?index_no=1648,http://branch1.nowpick.co.kr/data/goods/1648/thumb-9990049990086_0_235x235.jpg,시루아네소금다쿠아즈28g,"2,000원"
45,떡/베이커리/잼,http://branch1.nowpick.co.kr/shop/view.php?index_no=1647,http://branch1.nowpick.co.kr/data/goods/1647/thumb-9990049990085_0_235x235.jpg,시루아네카라멜다쿠아즈28g,"2,000원"
46,떡/베이커리/잼,http://branch1.nowpick.co.kr/shop/view.php?index_no=1646,http://branch1.nowpick.co.kr/data/goods/1646/thumb-9990049990084_0_235x235.jpg,시루아네호두크림다쿠아즈28g,"2,000원"
47,떡/베이커리/잼,http://branch1.nowpick.co.kr/shop/view.php?index_no=1645,http://branch1.nowpick.co.kr/data/goods/1645/thumb-9990049990083_0_235x235.jpg,시루아네블루베리다쿠아즈28g,"2,000원"
48,떡/베이커리/잼,http://branch1.nowpick.co.kr/shop/view.php?index_no=1644,http://branch1.nowpick.co.kr/data/goods/1644/thumb-9990049990082_0_235x235.jpg,시루아네초코다쿠아즈28g,"2,000원"
49,떡/베이커리/잼,http://branch1.nowpick.co.kr/shop/view.php?index_no=1612,http://branch1.nowpick.co.kr/data/goods/1612/thumb-1203749080008_0_235x235.jpg,이케아생강쿠키아몬드170g,"4,200원"
50,떡/베이커리/잼,http://branch1.nowpick.co.kr/shop/view.php?index_no=1611,http://branch1.nowpick.co.kr/data/goods/1611/thumb-1603748930005_0_235x235.jpg,이케아귀리비스킷초콜릿600g,"11,500원"
51,떡/베이커리/잼,http://branch1.nowpick.co.kr/shop/view.php?index_no=1581,http://branch1.nowpick.co.kr/data/goods/1581/thumb-8801068068375_0_235x235.jpg,달콤한초코슈8입(150g),"2,700원"
52,떡/베이커리/잼,http://branch1.nowpick.co.kr/shop/view.php?index_no=1396,http://branch1.nowpick.co.kr/data/goods/1396/thumb-1801509100005_0_235x235.jpg,이케아카르다몸크리스프롤200g,"4,800원"
53,떡/베이커리/잼,http://branch1.nowpick.co.kr/shop/view.php?index_no=1297,http://branch1.nowpick.co.kr/data/goods/1297/thumb-8801066503755_0_235x235.jpg,국민간식옛날붕어빵단팥22개입(500g),"9,000원"
54,떡/베이커리/잼,http://branch1.nowpick.co.kr/shop/view.php?index_no=1139,http://branch1.nowpick.co.kr/data/goods/1139/thumb-8809234901280_0_235x235.jpg,리고땅콩버터340g,"4,200원"
55,떡/베이커리/잼,http://branch1.nowpick.co.kr/shop/view.php?index_no=699,http://branch1.nowpick.co.kr/data/goods/699/thumb-8801068105988_0_235x235.jpg,카스타드데니쉬90g,"1,200원"
56,떡/베이커리/잼,http://branch1.nowpick.co.kr/shop/view.php?index_no=698,http://branch1.nowpick.co.kr/data/goods/698/thumb-8801068101423_0_235x235.jpg,바나나에반한슈8개입(150g),"2,800원"
57,떡/베이커리/잼,http://branch1.nowpick.co.kr/shop/view.php?index_no=697,http://branch1.nowpick.co.kr/data/goods/697/thumb-8801068097566_0_235x235.jpg,촉촉한카스테라95g,"1,000원"
58,떡/베이커리/잼,http://branch1.nowpick.co.kr/shop/view.php?index_no=696,http://branch1.nowpick.co.kr/data/goods/696/thumb-8801068092691_0_235x235.jpg,왕만쥬60g,600원
59,떡/베이커리/잼,http://branch1.nowpick.co.kr/shop/view.php?index_no=695,http://branch1.nowpick.co.kr/data/goods/695/thumb-8801068091632_0_235x235.jpg,70년전통단팥빵85g,"1,000원"
60,떡/베이커리/잼,http://branch1.nowpick.co.kr/shop/view.php?index_no=694,http://branch1.nowpick.co.kr/data/goods/694/thumb-8801068086249_0_235x235.jpg,상쾌한아침우유식빵330g,"1,800원"
61,떡/베이커리/잼,http://branch1.nowpick.co.kr/shop/view.php?index_no=693,http://branch1.nowpick.co.kr/data/goods/693/thumb-8801068086195_0_235x235.jpg,신선가득꿀호떡190g,"1,500원"
62,떡/베이커리/잼,http://branch1.nowpick.co.kr/shop/view.php?index_no=692,http://branch1.nowpick.co.kr/data/goods/692/thumb-8801068086003_0_235x235.jpg,정통크림빵70g,"1,000원"
63,떡/베이커리/잼,http://branch1.nowpick.co.kr/shop/view.php?index_no=691,http://branch1.nowpick.co.kr/data/goods/691/thumb-8801068085990_0_235x235.jpg,정통보름달85g,"1,000원"
64,떡/베이커리/잼,http://branch1.nowpick.co.kr/shop/view.php?index_no=254,http://branch1.nowpick.co.kr/data/goods/254/thumb-AsuDluwEtlMeregxrmKyj8DUC5KhSr_235x235.jpg,누텔라210g,"4,000원"
65,떡/베이커리/잼,http://branch1.nowpick.co.kr/shop/view.php?index_no=58,http://branch1.nowpick.co.kr/data/goods/58/thumb-hAvFyAnXSsUcWdez32kc4MuN2unW1X_235x235.jpg,샹달프딸기잼284g,"8,500원"
66,떡/베이커리/잼,http://branch1.nowpick.co.kr/shop/view.php?index_no=57,http://branch1.nowpick.co.kr/data/goods/57/thumb-0084380957246_0_235x235.jpg,샹달프블루베리잼284g,"7,700원"
67,떡/베이커리/잼,http://branch1.nowpick.co.kr/shop/view.php?index_no=2481,http://branch1.nowpick.co.kr/data/goods/2481/thumb-VEClBkxQpZvQl5jNDwzsLyUdySE3Na_235x235.jpg,한입초콜릿다쿠아즈20g,품절
68,떡/베이커리/잼,http://branch1.nowpick.co.kr/shop/view.php?index_no=2480,http://branch1.nowpick.co.kr/data/goods/2480/thumb-ScRS4KpHtQ11h8EzGPZ2zZFLKY1EX3_235x235.jpg,한입소금캬라멜다쿠아즈20g,품절
69,떡/베이커리/잼,http://branch1.nowpick.co.kr/shop/view.php?index_no=2431,http://branch1.nowpick.co.kr/data/goods/2431/thumb-RvzqRYCTwbH4LeAdeBwuhuhydecH1p_235x235.jpg,시루아네우유카스테라모찌300g,품절
1,수입과자,http://branch1.nowpick.co.kr/shop/view.php?index_no=7881,http://branch1.nowpick.co.kr/data/goods/7881/thumb-Jq26NaxNkDVT5C4Zwawn47KhNPAX6j_235x235.jpg,허쉬초콜릿싱글쿠키50g,"1,500원"
2,수입과자,http://branch1.nowpick.co.kr/shop/view.php?index_no=7880,http://branch1.nowpick.co.kr/data/goods/7880/thumb-Qt92d1Y23qx3F1CtjLHEmmcfyQZptp_235x235.jpg,허쉬화이트아몬드쿠키50g,"1,500원"
3,수입과자,http://branch1.nowpick.co.kr/shop/view.php?index_no=7818,http://branch1.nowpick.co.kr/data/goods/7818/thumb-m42Av3ZGbtWDaTBgVmBEzrCZUKYHAF_235x235.jpg,미니포테이토스틱100g,"1,600원"
4,수입과자,http://branch1.nowpick.co.kr/shop/view.php?index_no=7565,http://branch1.nowpick.co.kr/data/goods/7565/thumb-XYmcHVwvrPFlfr2g6tP7Q1b2nW353j_235x235.jpg,커피누가크래커66g,"3,500원"
5,수입과자,http://branch1.nowpick.co.kr/shop/view.php?index_no=7564,http://branch1.nowpick.co.kr/data/goods/7564/thumb-VTNulDYfQsgdkprggeq1g2TS3zKQcZ_235x235.jpg,누가크래커140g,"5,900원"
6,수입과자,http://branch1.nowpick.co.kr/shop/view.php?index_no=7563,http://branch1.nowpick.co.kr/data/goods/7563/thumb-1rHFQKY8ZXyBg1dJ2ebY1HS5y8bmbl_235x235.jpg,임페리얼초콜릿헤이즐넛웨이퍼100g,"1,500원"
7,수입과자,http://branch1.nowpick.co.kr/shop/view.php?index_no=7562,http://branch1.nowpick.co.kr/data/goods/7562/thumb-lZnceVkDPa6YYvhdwu7msBdyjthmcX_235x235.jpg,임페리얼티라미수향웨이퍼100g,"1,500원"
8,수입과자,http://branch1.nowpick.co.kr/shop/view.php?index_no=7561,http://branch1.nowpick.co.kr/data/goods/7561/thumb-RqYQc7MDCcfTwqx6bzYrs51VYhBgvz_235x235.jpg,임페리얼밀키바닐라향웨이퍼100g,"1,500원"
9,수입과자,http://branch1.nowpick.co.kr/shop/view.php?index_no=7560,http://branch1.nowpick.co.kr/data/goods/7560/thumb-3b94PgnaxpmwlbRDBWPcmjUlkayPNW_235x235.jpg,임페리얼데니쉬버터쿠키200g,"3,100원"
10,수입과자,http://branch1.nowpick.co.kr/shop/view.php?index_no=7559,http://branch1.nowpick.co.kr/data/goods/7559/thumb-TvxTbqGxn4VHZj86MS2esjUsB9p5LL_235x235.jpg,임페리얼데니쉬버터쿠키500g,"7,000원"
11,수입과자,http://branch1.nowpick.co.kr/shop/view.php?index_no=7558,http://branch1.nowpick.co.kr/data/goods/7558/thumb-ec7cRA87szPvwKxnsg5a38w2l3YvWl_235x235.jpg,킨도파라인크래커150g,"1,000원"
12,수입과자,http://branch1.nowpick.co.kr/shop/view.php?index_no=7557,http://branch1.nowpick.co.kr/data/goods/7557/thumb-B2adJ3J2K8ktfpbgvW14LslPKU3Gcn_235x235.jpg,킨도미니크리스피크래커150g,"1,000원"
13,수입과자,http://branch1.nowpick.co.kr/shop/view.php?index_no=7556,http://branch1.nowpick.co.kr/data/goods/7556/thumb-xtUbNFCT3dHSnafCvpGLK7qzQTxCHA_235x235.jpg,그린피스와사비스낵380g,"4,900원"
14,수입과자,http://branch1.nowpick.co.kr/shop/view.php?index_no=7555,http://branch1.nowpick.co.kr/data/goods/7555/thumb-M9m6uQFl1hez5jcvYX4D4Y8P8sCJgM_235x235.jpg,피욘크미니프리첼180g,"1,900원"
15,수입과자,http://branch1.nowpick.co.kr/shop/view.php?index_no=7554,http://branch1.nowpick.co.kr/data/goods/7554/thumb-UwNQPma53G2HlA2yd2C4mEsN5uews7_235x235.jpg,알루이메가촉초콜릿맛180g,"1,500원"
16,수입과자,http://branch1.nowpick.co.kr/shop/view.php?index_no=7553,http://branch1.nowpick.co.kr/data/goods/7553/thumb-ANEeUTUgTrjRk992TTwZw4wPUaJGZK_235x235.jpg,알루이메가촉바닐라향180g,"1,500원"
17,수입과자,http://branch1.nowpick.co.kr/shop/view.php?index_no=3010,http://branch1.nowpick.co.kr/data/goods/3010/thumb-naCzWDMnhS73jkMHkKyvkh7jdnA8Cj_235x235.jpg,[임박SALE!]베이비스타치킨맛라멘101g,"1,500원"
18,수입과자,http://branch1.nowpick.co.kr/shop/view.php?index_no=1454,http://branch1.nowpick.co.kr/data/goods/1454/thumb-1302371760002_0_235x235.jpg,이케아양파튀김100g,"2,900원"
19,수입과자,http://branch1.nowpick.co.kr/shop/view.php?index_no=1395,http://branch1.nowpick.co.kr/data/goods/1395/thumb-1403749260008_0_235x235.jpg,이케아필링비스킷초콜릿향176g,"4,800원"
20,수입과자,http://branch1.nowpick.co.kr/shop/view.php?index_no=1394,http://branch1.nowpick.co.kr/data/goods/1394/thumb-1103749230000_0_235x235.jpg,이케아필링비스킷라즈베리향176g,"4,800원"
21,수입과자,http://branch1.nowpick.co.kr/shop/view.php?index_no=1294,http://branch1.nowpick.co.kr/data/goods/1294/thumb-CHEESECOOKSET_0_235x235.jpg,치즈쿠키2개입(까망베르+체다/120g),"1,800원"
22,수입과자,http://branch1.nowpick.co.kr/shop/view.php?index_no=1246,http://branch1.nowpick.co.kr/data/goods/1246/thumb-9800800056_0_235x235.jpg,누텔라앤고52g,"2,300원"
23,수입과자,http://branch1.nowpick.co.kr/shop/view.php?index_no=1242,http://branch1.nowpick.co.kr/data/goods/1242/thumb-9331275008295_0_235x235.jpg,레돈도웨이퍼카푸치노125g,"2,500원"
24,수입과자,http://branch1.nowpick.co.kr/shop/view.php?index_no=1241,http://branch1.nowpick.co.kr/data/goods/1241/thumb-9331275008288_0_235x235.jpg,레돈도웨이퍼초콜릿125g,"2,500원"
25,수입과자,http://branch1.nowpick.co.kr/shop/view.php?index_no=1240,http://branch1.nowpick.co.kr/data/goods/1240/thumb-9331275008271_0_235x235.jpg,레돈도웨이퍼바닐라125g,"2,500원"
26,수입과자,http://branch1.nowpick.co.kr/shop/view.php?index_no=1162,http://branch1.nowpick.co.kr/data/goods/1162/thumb-8809304881023_0_235x235.jpg,프레첼체다치즈맛85g,"1,500원"
27,수입과자,http://branch1.nowpick.co.kr/shop/view.php?index_no=1161,http://branch1.nowpick.co.kr/data/goods/1161/thumb-8809304881016_0_235x235.jpg,프레첼갈릭버터맛85g,"1,500원"
28,수입과자,http://branch1.nowpick.co.kr/shop/view.php?index_no=249,http://branch1.nowpick.co.kr/data/goods/249/thumb-8005380855099_0_235x235.jpg,프레디다크돌체토8개입(240g),"2,900원"
29,수입과자,http://branch1.nowpick.co.kr/shop/view.php?index_no=248,http://branch1.nowpick.co.kr/data/goods/248/thumb-8005380030038_0_235x235.jpg,프레디돌체토스트로베리&요거트250g,"3,200원"
30,수입과자,http://branch1.nowpick.co.kr/shop/view.php?index_no=246,http://branch1.nowpick.co.kr/data/goods/246/thumb-8000350003043_0_235x235.jpg,알라크레마패스츄리25g,800원
31,수입과자,http://branch1.nowpick.co.kr/shop/view.php?index_no=245,http://branch1.nowpick.co.kr/data/goods/245/thumb-79426368995_0_235x235.jpg,리코스나쵸칩미니100g,"1,500원"
32,수입과자,http://branch1.nowpick.co.kr/shop/view.php?index_no=175,http://branch1.nowpick.co.kr/data/goods/175/thumb-4902775018999_0_235x235.jpg,베이비스타치킨맛라멘5개입(115g),"2,500원"
33,수입과자,http://branch1.nowpick.co.kr/shop/view.php?index_no=174,http://branch1.nowpick.co.kr/data/goods/174/thumb-4902775018982_0_235x235.jpg,베이비스타치킨맛라멘101g,"1,500원"
34,수입과자,http://branch1.nowpick.co.kr/shop/view.php?index_no=129,http://branch1.nowpick.co.kr/data/goods/129/thumb-4711162826013_0_235x235.jpg,크리스피롤12곡180g,"4,500원"
35,수입과자,http://branch1.nowpick.co.kr/shop/view.php?index_no=128,http://branch1.nowpick.co.kr/data/goods/128/thumb-4543112881205_0_235x235.jpg,크레용신짱초코비20g,"2,500원"
36,수입과자,http://branch1.nowpick.co.kr/shop/view.php?index_no=59,http://branch1.nowpick.co.kr/data/goods/59/thumb-0141000423038_0_235x235.jpg,밀라노다크쵸콜릿21g,900원
